attendance,assignment_score,midterm_score,study_hours,previous_grade,quiz_scores,participation,sleep_hours,performance_trend,attendance_rate,score_avg,study_sleep_ratio,risk_label
0.807829181494662,0.97,0.6848072562358277,0.5394736842105262,0.5712328767123287,0.5398843930635838,0.7905263157894735,0.5333333333333332,0.6517241379310346,0.8078291814946619,0.7830045523520488,0.5689655172413793,0
0.7034400948991697,0.611111111111111,0.5192743764172336,0.14473684210526316,0.5027397260273974,0.35722543352601155,0.18842105263157893,0.46666666666666656,0.5413793103448277,0.7034400948991697,0.41729893778452215,0.16379310344827588,1
0.6998813760379597,0.9522222222222223,0.8083900226757369,0.9342105263157894,0.6835616438356165,0.7086705202312138,0.7010526315789474,0.5499999999999998,0.6827586206896552,0.6998813760379596,0.8801213960546286,0.9741379310344828,0
0.33926453143534996,0.42111111111111116,0.28798185941043086,0.2763157894736842,0.24931506849315072,0.3260115606936417,0.37473684210526315,0.5499999999999998,0.5195402298850575,0.33926453143534996,0.26707132018209406,0.28448275862068967,1
0.43772241992882566,0.3711111111111111,0.2811791383219955,0.3157894736842105,0.2712328767123287,0.47861271676300576,0.6273684210526316,0.5333333333333332,0.49425287356321845,0.43772241992882566,0.33383915022761773,0.3362068965517242,1
0.9228944246737842,0.7911111111111111,0.671201814058957,0.6578947368421052,0.821917808219178,0.6566473988439305,0.8189473684210526,0.5999999999999999,0.4275862068965518,0.9228944246737842,0.7374810318664644,0.6551724137931035,0
0.7093712930011863,0.69,0.4852607709750567,0.6842105263157895,0.5657534246575342,0.8208092485549132,0.7494736842105263,0.7,0.4540229885057472,0.7093712930011863,0.7754172989377848,0.6206896551724138,0
0.5705812574139977,0.5066666666666667,0.6031746031746031,0.2763157894736842,0.26986301369863014,0.4497109826589595,0.2494736842105263,0.3666666666666667,0.8218390804597702,0.5705812574139977,0.4066767830045524,0.3448275862068966,1
0.5302491103202848,0.5377777777777777,0.5521541950113379,0.23684210526315788,0.2397260273972603,0.34913294797687866,0.39999999999999997,0.5833333333333333,0.7954022988505748,0.5302491103202847,0.36115326251896823,0.24137931034482762,1
0.7485172004744959,0.6466666666666667,0.7732426303854876,0.381578947368421,0.6589041095890411,0.715606936416185,0.5852631578947369,0.75,0.667816091954023,0.7485172004744959,0.6767830045523522,0.3362068965517242,0
0.5622775800711745,0.3922222222222222,0.2335600907029478,0.13157894736842105,0.5205479452054795,0.46705202312138727,0.3094736842105263,0.25,0.23678160919540236,0.5622775800711745,0.33990895295902895,0.18965517241379312,1
0.8469750889679715,0.6188888888888889,0.8083900226757369,0.513157894736842,0.6602739726027398,0.7583815028901734,0.7221052631578946,0.8166666666666667,0.7022988505747128,0.8469750889679715,0.6858877086494692,0.4224137931034483,0
0.6856465005931198,0.5,0.590702947845805,0.43421052631578944,0.5808219178082192,0.5745664739884393,0.8736842105263158,0.8833333333333333,0.5482758620689656,0.6856465005931198,0.4840667678300456,0.3448275862068966,0
0.3226571767497035,0.5255555555555556,0.6031746031746031,0.35526315789473684,0.43424657534246575,0.4312138728323699,0.3294736842105263,0.5166666666666666,0.6839080459770116,0.3226571767497035,0.4066767830045524,0.37931034482758624,1
0.8600237247924081,0.8055555555555556,0.5600907029478458,0.30263157894736836,0.38356164383561636,0.7641618497109826,0.7915789473684212,0.7,0.6827586206896552,0.8600237247924081,0.8163884673748105,0.2758620689655173,0
0.7769869513641756,0.8433333333333334,0.536281179138322,0.39473684210526316,0.747945205479452,0.6971098265895953,0.8557894736842104,0.6833333333333331,0.35287356321839086,0.7769869513641756,0.7981790591805769,0.3620689655172414,0
0.8469750889679715,0.8466666666666667,0.6609977324263038,0.75,0.8082191780821917,0.8647398843930635,0.8357894736842106,0.6666666666666665,0.4287356321839081,0.8469750889679715,0.9104704097116847,0.6982758620689656,0
0.35943060498220647,0.29666666666666675,0.23129251700680276,0.15789473684210525,0.3753424657534246,0.37109826589595374,0.31368421052631573,0.16666666666666663,0.35632183908045983,0.35943060498220647,0.21244309559939306,0.25862068965517243,1
0.9964412811387902,0.8366666666666667,0.7448979591836734,0.5394736842105262,0.4356164383561643,0.6312138728323698,0.6778947368421053,0.5999999999999999,0.8264367816091954,0.9964412811387899,0.7511380880121399,0.5344827586206897,0
0.9086595492289442,0.84,0.5487528344671202,0.6710526315789472,0.7753424657534247,0.8138728323699422,0.5505263157894738,0.7666666666666666,0.342528735632184,0.9086595492289442,0.8740515933232171,0.5775862068965518,0
0.7758007117437722,0.6455555555555554,0.8911564625850341,0.3684210526315789,0.7863013698630137,0.7583815028901734,0.5463157894736841,0.3833333333333333,0.6804597701149426,0.7758007117437723,0.7040971168437027,0.456896551724138,0
0.8256227758007118,0.6766666666666667,0.6099773242630385,0.4868421052631579,0.4356164383561643,0.6485549132947976,0.7978947368421052,0.5833333333333333,0.6896551724137931,0.8256227758007118,0.6525037936267073,0.49137931034482757,0
0.7330960854092528,0.801111111111111,0.5986394557823128,0.43421052631578944,0.39999999999999997,0.6658959537572253,0.9642105263157894,0.6333333333333333,0.7080459770114943,0.7330960854092528,0.7496206373292869,0.4224137931034483,0
0.9228944246737842,0.5477777777777777,0.7902494331065759,0.2631578947368421,0.38356164383561636,0.5872832369942196,0.94,0.43333333333333324,0.9160919540229886,0.9228944246737842,0.5250379362670714,0.3103448275862069,0
0.4816132858837485,0.5444444444444444,0.21201814058956914,0.10526315789473684,0.22328767123287668,0.4173410404624277,0.41578947368421054,0.6166666666666667,0.4643678160919541,0.4816132858837485,0.4112291350531108,0.10344827586206896,1
0.7319098457888494,0.6377777777777778,0.7505668934240363,0.381578947368421,0.6273972602739726,0.7283236994219653,0.6621052631578948,0.9833333333333334,0.671264367816092,0.7319098457888494,0.6798179059180578,0.28448275862068967,0
0.8742586002372481,0.7211111111111111,0.7040816326530612,0.3157894736842105,0.5876712328767124,0.8601156069364163,0.5610526315789472,0.6166666666666667,0.6574712643678162,0.8742586002372479,0.8224582701062217,0.3103448275862069,0
0.7568208778173191,0.8044444444444445,0.6133786848072563,0.763157894736842,0.5972602739726027,0.638150289017341,0.6021052631578947,0.44999999999999996,0.5574712643678161,0.7568208778173191,0.7344461305007588,0.8793103448275863,0
0.39145907473309616,0.44888888888888895,0.5170068027210885,0.09210526315789473,0.25753424657534246,0.2959537572254335,0.028421052631578944,0.2333333333333334,0.7448275862068966,0.39145907473309605,0.26707132018209406,0.13793103448275865,1
0.7544483985765125,0.7188888888888889,0.6825396825396826,0.4605263157894737,0.6698630136986303,0.5861271676300578,0.6378947368421053,0.5,0.5666666666666668,0.7544483985765125,0.6403641881638849,0.5,0
0.8279952550415184,0.7422222222222222,0.826530612244898,0.2631578947368421,0.38356164383561636,0.7317919075144508,0.756842105263158,0.7,0.9528735632183909,0.8279952550415184,0.7526555386949925,0.24137931034482762,0
0.6975088967971531,0.6322222222222222,0.7653061224489796,0.6842105263157895,0.7095890410958905,0.5375722543352601,0.5947368421052632,0.8666666666666665,0.617241379310345,0.697508896797153,0.5493171471927163,0.5431034482758621,0
0.7841043890865955,0.8111111111111111,0.7403628117913832,0.8157894736842105,0.6082191780821917,0.8404624277456647,0.7978947368421052,0.7333333333333334,0.6770114942528737,0.7841043890865954,0.8710166919575115,0.7241379310344828,0
0.5266903914590748,0.32666666666666666,0.45578231292517,0.2894736842105263,0.22191780821917811,0.5861271676300578,0.43368421052631584,0.6499999999999999,0.7126436781609197,0.5266903914590747,0.3732928679817907,0.2758620689655173,1
0.5812574139976276,0.611111111111111,0.5011337868480725,0.19736842105263158,0.22602739726027393,0.3976878612716763,0.44631578947368417,0.3833333333333333,0.7551724137931035,0.5812574139976275,0.44309559939301973,0.24137931034482762,1
0.963226571767497,0.6566666666666666,0.6394557823129252,0.381578947368421,0.8054794520547945,0.638150289017341,0.7684210526315789,0.43333333333333324,0.40919540229885065,0.963226571767497,0.6327769347496208,0.4482758620689656,0
0.7473309608540926,0.7466666666666667,0.6190476190476191,0.7236842105263157,0.7643835616438357,0.8427745664739885,0.7147368421052631,0.5499999999999998,0.42298850574712654,0.7473309608540926,0.828528072837633,0.75,0
0.5302491103202848,0.3777777777777778,0.6031746031746031,0.14473684210526316,0.4589041095890411,0.20346820809248553,0.5431578947368421,0.4,0.6632183908045978,0.5302491103202847,0.15781487101669206,0.1724137931034483,1
0.7663107947805456,0.8677777777777776,0.6077097505668935,0.34210526315789475,0.9164383561643836,0.630057803468208,0.8452631578947367,0.6666666666666665,0.2839080459770116,0.7663107947805458,0.7708649468892264,0.31896551724137934,0
0.25385527876631087,0.3344444444444445,0.5680272108843537,0.2894736842105263,0.3260273972602739,0.4011560693641619,0.44631578947368417,0.19999999999999996,0.739080459770115,0.25385527876631075,0.25796661608497734,0.4482758620689656,1
0.7568208778173191,1.0,0.7097505668934241,0.6973684210526315,0.8164383561643835,0.5283236994219653,0.5410526315789475,0.6499999999999999,0.47126436781609204,0.7568208778173191,0.795144157814871,0.6637931034482759,0
0.4080664294187426,0.3633333333333334,0.3514739229024943,0.24999999999999997,0.13287671232876713,0.35838150289017345,0.38842105263157894,0.29999999999999993,0.6816091954022989,0.4080664294187426,0.2488619119878605,0.3448275862068966,1
0.9181494661921707,1.0,0.5419501133786848,0.5789473684210527,0.6315068493150684,0.5213872832369942,0.6599999999999999,0.33333333333333326,0.45632183908045987,0.918149466192171,0.7905918057663128,0.7586206896551725,0
0.944246737841044,0.5422222222222222,0.7981859410430839,0.40789473684210525,0.5315068493150685,0.7283236994219653,0.56,0.5166666666666666,0.8,0.9442467378410437,0.6130500758725341,0.43965517241379315,0
0.2775800711743772,0.4911111111111112,0.2811791383219955,0.23684210526315788,0.063013698630137,0.46127167630057797,0.631578947368421,0.2833333333333333,0.6689655172413794,0.2775800711743772,0.4036418816388468,0.32758620689655177,1
0.4128113879003559,0.611111111111111,0.4739229024943311,0.2894736842105263,0.30136986301369867,0.17572254335260115,0.2494736842105263,0.3833333333333333,0.664367816091954,0.4128113879003559,0.2974203338391503,0.3620689655172414,1
0.5551601423487544,0.5322222222222222,0.41496598639455784,0.013157894736842105,0.2561643835616439,0.5953757225433526,0.2694736842105263,0.3833333333333333,0.6425287356321839,0.5551601423487544,0.5189681335356602,0.01724137931034483,1
0.3831553973902728,0.4855555555555556,0.6031746031746031,0.10526315789473684,0.3260273972602739,0.4520231213872833,0.0,0.6666666666666665,0.774712643678161,0.3831553973902728,0.39453717754173007,0.09482758620689656,1
0.7888493475682089,0.7322222222222222,0.9195011337868482,0.631578947368421,0.7808219178082192,0.900578034682081,0.8399999999999999,0.6499999999999999,0.713793103448276,0.7888493475682087,0.8558421851289835,0.603448275862069,0
0.47805456702253857,0.44222222222222224,0.5952380952380952,0.17105263157894737,0.1205479452054794,0.38612716763005783,0.38105263157894737,0.2666666666666666,0.939080459770115,0.4780545670225387,0.32018209408194237,0.24137931034482762,1
0.4602609727164888,0.3355555555555556,0.3253968253968254,0.09210526315789473,0.4465753424657534,0.2601156069364161,0.4694736842105263,0.3666666666666667,0.3919540229885058,0.4602609727164888,0.1654021244309561,0.1120689655172414,1
0.9644128113879005,0.72,0.8015873015873016,0.5789473684210527,0.6465753424657534,0.7283236994219653,0.47368421052631576,0.7,0.706896551724138,0.9644128113879002,0.7344461305007588,0.5258620689655172,0
0.47805456702253857,0.5922222222222222,0.21315192743764172,0.19736842105263158,0.19178082191780826,0.49826589595375725,0.588421052631579,0.29999999999999993,0.4919540229885058,0.4780545670225387,0.49772382397572085,0.26724137931034486,1
0.7390272835112693,0.7166666666666667,0.7448979591836734,0.631578947368421,0.8452054794520549,0.6485549132947976,0.5421052631578946,0.43333333333333324,0.48275862068965525,0.7390272835112693,0.6798179059180578,0.7413793103448276,0
0.9679715302491103,0.851111111111111,0.8764172335600906,0.42105263157894735,0.5630136986301368,0.7017341040462428,0.7557894736842106,0.8499999999999999,0.8528735632183908,0.9679715302491103,0.8072837632776937,0.3448275862068966,0
0.6322657176749704,0.3244444444444445,0.46371882086167804,0.23684210526315788,0.5205479452054795,0.2809248554913294,0.20421052631578945,0.44999999999999996,0.4701149425287357,0.6322657176749703,0.1714719271623673,0.2758620689655173,1
0.5587188612099644,0.611111111111111,0.2256235827664399,0.15789473684210525,0.23698630136986293,0.5953757225433526,0.40421052631578946,0.09999999999999998,0.4666666666666668,0.5587188612099644,0.5735963581183612,0.28448275862068967,1
0.30486358244365364,0.2566666666666667,0.38095238095238093,0.35526315789473684,0.2821917808219178,0.5398843930635838,0.29473684210526313,0.21666666666666656,0.5862068965517242,0.30486358244365364,0.2959028831562975,0.5431034482758621,1
0.7532621589561093,0.7788888888888889,0.6213151927437641,0.7894736842105263,0.5767123287671232,0.8763005780346821,0.6136842105263158,0.6499999999999999,0.5827586206896552,0.7532621589561092,0.8725341426403643,0.75,0
0.48279952550415184,0.5599999999999999,0.5328798185941043,0.34210526315789475,0.33013698630136984,0.5815028901734104,0.35789473684210527,0.2666666666666666,0.7000000000000001,0.48279952550415184,0.5295902883156298,0.49137931034482757,1
0.734282325029656,0.6311111111111111,0.8503401360544217,0.5789473684210527,0.7191780821917808,0.5653179190751445,0.7484210526315789,0.33333333333333326,0.6954022988505748,0.7342823250296561,0.56752655538695,0.7586206896551725,0
0.5776986951364177,0.901111111111111,0.8934240362811792,0.6052631578947367,0.4657534246575343,0.6416184971098265,0.5442105263157895,0.5333333333333332,0.9517241379310346,0.5776986951364176,0.8012139605462825,0.6379310344827587,0
0.877817319098458,0.8088888888888889,0.5952380952380952,0.47368421052631576,0.5602739726027397,0.7664739884393063,0.6821052631578948,0.7,0.5701149425287357,0.877817319098458,0.8209408194233689,0.4310344827586207,0
0.771055753262159,0.7788888888888889,0.44104308390022673,0.6447368421052632,0.7917808219178082,0.7421965317919075,0.7252631578947368,0.4833333333333334,0.21954022988505756,0.771055753262159,0.7845220030349016,0.7155172413793104,0
0.11269276393831554,0.22000000000000003,0.08616780045351471,0.23684210526315788,0.4438356164383562,0.35144508670520225,0.42,0.5166666666666666,0.15172413793103456,0.11269276393831554,0.1456752655538695,0.25862068965517243,1
0.501779359430605,0.38000000000000006,0.2732426303854875,0.3289473684210526,0.5095890410958903,0.35028901734104045,0.33789473684210525,0.44999999999999996,0.2862068965517242,0.5017793594306049,0.25493171471927173,0.37931034482758624,1
0.9311981020166074,0.7066666666666666,0.5340136054421768,0.763157894736842,0.8164383561643835,0.5676300578034682,0.6000000000000001,0.5333333333333332,0.29310344827586216,0.9311981020166074,0.6206373292867982,0.8103448275862069,0
0.38434163701067625,0.17333333333333334,0.09297052154195012,0.3684210526315789,0.37260273972602737,0.21040462427745663,0.38105263157894737,0.5333333333333332,0.21839080459770122,0.38434163701067614,0.021244309559939334,0.3879310344827587,1
0.6856465005931198,0.7577777777777778,0.546485260770975,0.4605263157894737,0.5575342465753426,0.4508670520231214,0.6000000000000001,0.5999999999999999,0.5229885057471265,0.6856465005931198,0.5796661608497726,0.456896551724138,0
0.8220640569395019,0.6788888888888888,0.44104308390022673,0.4605263157894737,0.6191780821917807,0.9999999999999999,0.7336842105263157,0.7666666666666666,0.3643678160919541,0.8220640569395017,0.8861911987860396,0.3965517241379311,0
0.9240806642941874,0.8522222222222222,0.600907029478458,0.8157894736842105,0.5520547945205478,0.7017341040462428,0.9663157894736842,0.8833333333333333,0.5827586206896552,0.9240806642941874,0.8072837632776937,0.646551724137931,0
0.7947805456702255,0.7233333333333333,0.6235827664399093,0.3289473684210526,0.5287671232876712,0.7583815028901734,0.6052631578947367,0.5499999999999998,0.6252873563218392,0.7947805456702254,0.7572078907435509,0.3448275862068966,0
0.6892052194543298,0.8788888888888888,0.6859410430839001,0.75,0.6917808219178083,0.8289017341040462,0.6894736842105262,0.46666666666666656,0.5517241379310346,0.6892052194543298,0.9104704097116847,0.8448275862068966,0
0.7722419928825622,0.7077777777777778,0.5442176870748299,0.5263157894736842,0.7547945205479452,0.7745664739884393,0.5368421052631578,0.7666666666666666,0.3551724137931035,0.7722419928825623,0.7572078907435509,0.456896551724138,0
0.9833926453143536,0.8477777777777777,0.9580498866213152,0.2631578947368421,0.8465753424657534,0.6947976878612716,0.7684210526315789,0.6499999999999999,0.6977011494252874,0.9833926453143536,0.7996965098634297,0.25,0
0.6536180308422301,0.8333333333333334,0.683673469387755,0.35526315789473684,0.5931506849315067,0.5560693641618497,0.8799999999999999,0.5166666666666666,0.6321839080459771,0.6536180308422301,0.6995447647951443,0.37931034482758624,0
0.807829181494662,0.6988888888888889,0.7154195011337869,0.631578947368421,0.5164383561643835,0.7976878612716762,0.9063157894736842,0.7833333333333332,0.7287356321839081,0.8078291814946619,0.7663125948406679,0.5344827586206897,0
0.35112692763938314,0.26222222222222225,0.3752834467120181,0.30263157894736836,0.5205479452054795,0.5953757225433526,0.5347368421052632,0.43333333333333324,0.3804597701149426,0.35112692763938325,0.3353566009104704,0.35344827586206895,1
0.8339264531435351,0.7455555555555555,0.6428571428571428,0.6578947368421052,0.6794520547945204,0.798843930635838,0.7810526315789474,0.5666666666666667,0.5183908045977013,0.8339264531435351,0.7981790591805769,0.6724137931034484,0
0.8564650059311982,0.701111111111111,0.7777777777777778,0.3157894736842105,0.8520547945205479,0.7248554913294798,0.6421052631578947,0.7333333333333334,0.5103448275862069,0.856465005931198,0.7192716236722307,0.2758620689655173,0
0.5183867141162515,0.5055555555555555,0.26190476190476186,0.3289473684210526,0.5205479452054795,0.21040462427745663,0.37578947368421056,0.6666666666666665,0.26551724137931043,0.5183867141162515,0.2488619119878605,0.3103448275862069,1
0.7034400948991697,0.3277777777777778,0.3219954648526077,0.06578947368421052,0.40547945205479446,0.4323699421965318,0.6231578947368421,0.41666666666666663,0.42298850574712654,0.7034400948991697,0.2731411229135054,0.07758620689655173,1
0.8612099644128115,0.8600000000000001,0.7755102040816326,0.2763157894736842,0.5876712328767124,0.6080924855491329,0.7610526315789474,0.8999999999999999,0.7298850574712644,0.8612099644128115,0.7526555386949925,0.21551724137931036,0
0.45195729537366547,0.23444444444444446,0.2596371882086168,0.06578947368421052,0.1150684931506849,0.12716763005780343,0.4684210526315789,0.21666666666666656,0.6034482758620691,0.4519572953736656,0.009104704097116889,0.10344827586206896,1
0.6678529062870701,0.6988888888888889,0.7403628117913832,0.9999999999999999,0.5630136986301368,0.7468208092485549,0.8084210526315789,0.7166666666666666,0.7149425287356322,0.66785290628707,0.732928679817906,0.8965517241379312,0
0.48398576512455516,0.2555555555555556,0.42630385487528344,0.21052631578947367,0.4136986301369863,0.5803468208092486,0.32105263157894737,0.1499999999999999,0.5218390804597702,0.48398576512455516,0.3216995447647952,0.35344827586206895,1
0.6963226571767498,0.6977777777777777,0.5714285714285714,0.3684210526315789,0.7876712328767124,0.4219653179190751,0.6842105263157894,0.4833333333333334,0.3551724137931035,0.6963226571767497,0.5189681335356602,0.4051724137931034,0
0.6595492289442467,0.7844444444444444,0.8764172335600906,0.618421052631579,0.5904109589041096,0.753757225433526,0.6547368421052633,0.41666666666666663,0.8298850574712644,0.6595492289442467,0.795144157814871,0.7327586206896552,0
0.7236061684460262,0.81,0.6462585034013605,0.618421052631579,0.8671232876712329,0.6231213872832371,0.7894736842105263,0.5166666666666666,0.3643678160919541,0.7236061684460261,0.7283763277693478,0.6637931034482759,0
0.7864768683274022,0.7111111111111111,0.7142857142857142,0.3157894736842105,0.5068493150684932,0.684393063583815,0.634736842105263,0.33333333333333326,0.7356321839080461,0.786476868327402,0.7010622154779973,0.41379310344827586,0
0.8007117437722421,0.7777777777777778,0.802721088435374,0.5921052631578947,0.5863013698630137,0.4416184971098266,0.7863157894736843,0.7,0.7586206896551725,0.800711743772242,0.5857359635811836,0.5344827586206897,0
0.7058125741399763,0.8733333333333333,0.564625850340136,0.5657894736842105,0.473972602739726,0.49710982658959535,0.7326315789473683,0.7166666666666666,0.6114942528735633,0.7058125741399763,0.6889226100151746,0.5086206896551724,0
0.7425860023724793,0.7933333333333333,0.5532879818594104,0.381578947368421,0.8342465753424659,0.8693641618497109,0.6031578947368421,0.6666666666666665,0.2977011494252874,0.7425860023724793,0.8786039453717756,0.35344827586206895,0
0.9323843416370108,0.8677777777777776,0.7494331065759637,0.6710526315789472,0.56986301369863,0.5606936416184971,0.6599999999999999,0.5499999999999998,0.7183908045977012,0.9323843416370106,0.725341426403642,0.6982758620689656,0
0.8066429418742587,0.5688888888888889,0.7653061224489796,0.6052631578947367,0.7712328767123287,0.6797687861271676,0.6063157894736841,0.9166666666666665,0.5655172413793104,0.8066429418742586,0.6009104704097119,0.4655172413793104,0
0.8208778173190985,0.8999999999999999,0.7834467120181406,0.43421052631578944,0.38356164383561636,0.4589595375722544,0.5831578947368421,0.5833333333333333,0.9091954022988507,0.8208778173190985,0.6813353566009106,0.43965517241379315,0
0.6287069988137605,0.41444444444444445,0.6031746031746031,0.19736842105263158,0.4794520547945205,0.5641618497109826,0.5557894736842104,0.5833333333333333,0.6459770114942529,0.6287069988137605,0.41881638846737484,0.19827586206896555,1
0.6120996441281139,0.2544444444444445,0.5827664399092971,0.2763157894736842,0.08493150684931511,0.32832369942196526,0.18736842105263157,0.2833333333333333,0.9563218390804599,0.6120996441281139,0.15477996965098634,0.3879310344827587,1
0.7141162514827997,0.651111111111111,0.7505668934240363,0.3684210526315789,0.4986301369863014,0.6034682080924856,0.7547368421052632,0.6166666666666667,0.7793103448275862,0.7141162514827996,0.6069802731411231,0.3620689655172414,0
0.3665480427046264,0.3622222222222223,0.30158730158730157,0.2894736842105263,0.5205479452054795,0.48786127167630056,0.19157894736842104,0.33333333333333326,0.30574712643678165,0.3665480427046264,0.33383915022761773,0.37931034482758624,1
0.6939501779359432,0.7244444444444444,0.6859410430839001,0.42105263157894735,0.5767123287671232,0.7433526011560693,0.48105263157894734,0.41666666666666663,0.6482758620689656,0.693950177935943,0.7481031866464343,0.5,0
0.6666666666666667,0.8177777777777777,0.7551020408163266,0.5789473684210527,0.8,0.7780346820809247,0.5347368421052632,0.7999999999999998,0.5310344827586208,0.6666666666666666,0.8345978755690442,0.48275862068965525,0
0.2147093712930012,0.44555555555555565,0.24263038548752835,0.0,0.3328767123287671,0.5722543352601156,0.4231578947368421,0.2833333333333333,0.403448275862069,0.2147093712930012,0.44613050075872546,0.0,1
0.8220640569395019,0.6877777777777778,0.6848072562358277,0.5789473684210527,0.5287671232876712,0.5236994219653178,0.6989473684210528,0.6666666666666665,0.6873563218390806,0.8220640569395017,0.5796661608497726,0.5431034482758621,0
0.6915776986951364,0.5855555555555556,0.7312925170068026,0.618421052631579,0.6123287671232878,0.5491329479768786,0.6978947368421051,0.8333333333333333,0.664367816091954,0.6915776986951364,0.5250379362670714,0.5086206896551724,0
0.3167259786476868,0.4511111111111112,0.19614512471655332,0.15789473684210525,0.42328767123287664,0.5953757225433526,0.4652631578947369,0.3833333333333333,0.2804597701149426,0.3167259786476868,0.4643399089529591,0.19827586206896555,1
1.0,0.9199999999999999,0.46371882086167804,0.6842105263157895,0.8150684931506849,0.6335260115606935,0.828421052631579,0.4,0.22298850574712653,1.0,0.8103186646433993,0.8275862068965517,0
0.8540925266903916,0.6455555555555554,0.5204081632653061,0.47368421052631576,0.6342465753424658,0.6473988439306358,0.76,0.33333333333333326,0.43218390804597706,0.8540925266903914,0.631259484066768,0.6206896551724138,0
0.8944246737841044,0.9022222222222223,0.8843537414965985,0.381578947368421,0.5452054794520547,0.7364161849710983,0.7463157894736843,0.5833333333333333,0.8758620689655173,0.8944246737841044,0.8649468892261003,0.3879310344827587,0
0.2775800711743772,0.3433333333333333,0.10997732426303855,0.19736842105263158,0.1780821917808219,0.4601156069364162,0.5136842105263157,0.5,0.39885057471264374,0.2775800711743772,0.3019726858877087,0.21551724137931036,1
0.40925266903914603,0.5322222222222222,0.19387755102040816,0.19736842105263158,0.1780821917808219,0.5953757225433526,0.33263157894736844,0.43333333333333324,0.48390804597701154,0.4092526690391459,0.5189681335356602,0.2327586206896552,1
0.9276393831553975,0.7433333333333334,0.7709750566893424,0.75,0.617808219178082,0.7595375722543353,0.7473684210526315,0.4,0.7000000000000001,0.9276393831553973,0.7723823975720789,0.913793103448276,0
0.7841043890865955,0.7533333333333333,0.5124716553287981,0.47368421052631576,0.5712328767123287,0.830057803468208,0.8589473684210525,0.5999999999999999,0.47701149425287365,0.7841043890865954,0.8254931714719274,0.4741379310344828,0
0.4863582443653619,0.47000000000000003,0.24376417233560088,0.21052631578947367,0.31232876712328766,0.4196531791907514,0.2905263157894737,0.4833333333333334,0.4218390804597702,0.4863582443653618,0.36115326251896823,0.2327586206896552,1
0.7556346381969159,0.8144444444444444,0.5929705215419501,0.6052631578947367,0.973972602739726,0.6346820809248556,0.763157894736842,0.5666666666666667,0.2206896551724139,0.7556346381969158,0.7374810318664644,0.6206896551724138,0
0.8695136417556346,0.7477777777777778,0.6315192743764172,0.8026315789473684,0.6328767123287671,0.6716763005780346,0.8431578947368421,0.6166666666666667,0.5459770114942529,0.8695136417556346,0.7162367223065254,0.7844827586206897,0
0.771055753262159,0.6333333333333333,0.6802721088435374,0.4868421052631579,0.6191780821917807,0.7433526011560693,0.7589473684210526,0.7,0.606896551724138,0.771055753262159,0.6858877086494692,0.43965517241379315,0
0.7615658362989325,0.6388888888888888,0.6882086167800453,0.6578947368421052,0.7671232876712328,0.8173410404624277,0.9568421052631579,0.6333333333333333,0.4908045977011495,0.7615658362989325,0.7374810318664644,0.6379310344827587,0
0.25860023724792414,0.3433333333333333,0.4852607709750567,0.17105263157894737,0.48904109589041095,0.32716763005780336,0.4578947368421053,0.5,0.5183908045977013,0.25860023724792414,0.21396054628224587,0.18965517241379312,1
0.4460260972716489,0.39111111111111113,0.15532879818594103,0.09210526315789473,0.2397260273972603,0.391907514450867,0.48315789473684206,0.2333333333333334,0.39310344827586213,0.4460260972716489,0.28983308042488626,0.13793103448275865,1
0.7093712930011863,0.7266666666666667,0.6723356009070294,0.6973684210526315,0.6027397260273972,0.5294797687861271,0.5305263157894737,0.8333333333333333,0.6126436781609196,0.7093712930011863,0.6100151745068287,0.5689655172413793,0
0.8505338078291815,0.6622222222222222,0.564625850340136,0.47368421052631576,0.7931506849315069,0.6982658959537573,0.6621052631578948,0.6833333333333331,0.3436781609195403,0.8505338078291815,0.6767830045523522,0.43965517241379315,0
0.8422301304863584,0.5988888888888888,0.5929705215419501,0.5526315789473684,0.49315068493150677,0.5664739884393063,0.9494736842105265,0.5999999999999999,0.6241379310344828,0.8422301304863582,0.5462822458270107,0.5517241379310346,0
0.5077105575326216,0.5055555555555555,0.4546485260770975,0.2894736842105263,0.5205479452054795,0.4566473988439306,0.45368421052631575,0.29999999999999993,0.4609195402298851,0.5077105575326216,0.4097116843702581,0.3965517241379311,1
0.8754448398576513,0.7133333333333334,0.5600907029478458,0.3684210526315789,0.6712328767123288,0.692485549132948,0.7915789473684212,0.5333333333333332,0.4413793103448277,0.8754448398576513,0.7071320182094083,0.3879310344827587,0
0.814946619217082,0.7177777777777777,0.564625850340136,0.513157894736842,0.5794520547945206,0.7398843930635838,0.7294736842105263,0.8499999999999999,0.5229885057471265,0.8149466192170818,0.7405159332321702,0.41379310344827586,0
0.7769869513641756,0.7055555555555555,0.6938775510204082,0.5394736842105262,0.7315068493150685,0.6323699421965318,0.9957894736842106,0.75,0.5264367816091955,0.7769869513641756,0.6616084977238241,0.4741379310344828,0
0.7603795966785291,0.5188888888888888,0.6632653061224489,0.4868421052631579,0.5424657534246575,0.5861271676300578,0.7694736842105263,0.5333333333333332,0.6540229885057472,0.7603795966785292,0.5037936267071321,0.5172413793103449,0
0.2894424673784105,0.3477777777777778,0.45691609977324266,0.3157894736842105,0.5205479452054795,0.5028901734104047,0.10105263157894737,0.04999999999999993,0.4632183908045978,0.2894424673784105,0.33383915022761773,0.6293103448275862,1
0.7591933570581259,0.6322222222222222,0.5521541950113379,0.34210526315789475,0.810958904109589,0.7364161849710983,0.6421052631578947,0.75,0.3160919540229886,0.7591933570581259,0.6813353566009106,0.3017241379310345,0
0.7034400948991697,0.4911111111111112,0.2698412698412698,0.14473684210526316,0.18219178082191773,0.15953757225433526,0.31368421052631573,0.6666666666666665,0.5574712643678161,0.7034400948991697,0.20637329286798184,0.13793103448275865,1
0.7034400948991697,0.46,0.3990929705215419,0.06578947368421052,0.3753424657534246,0.33063583815028896,0.10842105263157895,0.33333333333333326,0.5264367816091955,0.7034400948991697,0.2974203338391503,0.08620689655172414,1
1.0,0.7288888888888888,0.8321995464852608,0.42105263157894735,0.6547945205479453,0.699421965317919,0.5642105263157895,0.5999999999999999,0.7310344827586208,1.0,0.7223065250379364,0.41379310344827586,0
1.0,0.731111111111111,0.46485260770975056,0.894736842105263,0.7219178082191782,0.6057803468208093,0.6915789473684211,0.5833333333333333,0.30229885057471273,1.0,0.6616084977238241,0.9051724137931035,0
0.5065243179122183,0.4255555555555555,0.3639455782312925,0.21052631578947367,0.33424657534246577,0.3942196531791907,0.38526315789473686,0.3833333333333333,0.5252873563218392,0.5065243179122182,0.31562974203338395,0.25862068965517243,1
0.41162514827995256,0.42777777777777776,0.3424036281179138,0.2631578947368421,0.37260273972602737,0.14682080924855487,0.20210526315789473,0.5499999999999998,0.47126436781609204,0.41162514827995256,0.15477996965098634,0.2758620689655173,1
0.8185053380782918,0.73,0.6643990929705216,0.2894736842105263,0.7657534246575344,0.6080924855491329,0.7273684210526314,0.8666666666666665,0.46781609195402307,0.8185053380782918,0.6631259484066769,0.2327586206896552,0
0.368920521945433,0.26999999999999996,0.6031746031746031,0.13157894736842105,0.3712328767123288,0.24161849710982655,0.5252631578947369,0.09999999999999998,0.7367816091954024,0.368920521945433,0.10773899848254936,0.24137931034482762,1
0.5219454329774615,0.4511111111111112,0.3673469387755103,0.24999999999999997,0.36712328767123287,0.5248554913294797,0.551578947368421,0.29999999999999993,0.5011494252873564,0.5219454329774614,0.41881638846737484,0.3448275862068966,1
0.7212336892052195,0.6233333333333333,0.7052154195011338,0.6710526315789472,0.726027397260274,0.7052023121387283,0.7231578947368422,0.6666666666666665,0.542528735632184,0.7212336892052195,0.6540212443095601,0.6293103448275862,0
0.4531435349940688,0.4066666666666667,0.6031746031746031,0.14473684210526316,0.336986301369863,0.49479768786127165,0.631578947368421,0.6666666666666665,0.7655172413793104,0.4531435349940689,0.36722306525037945,0.13793103448275865,1
0.7176749703440095,0.901111111111111,0.4331065759637188,0.6578947368421052,0.5232876712328767,0.5375722543352601,0.8347368421052632,0.7333333333333334,0.4367816091954024,0.7176749703440095,0.7344461305007588,0.5862068965517242,0
0.8351126927639383,0.6677777777777777,0.846938775510204,0.4868421052631579,0.7205479452054795,0.7722543352601156,0.7242105263157894,0.5,0.6908045977011495,0.8351126927639383,0.7283763277693478,0.5344827586206897,0
0.39620403321470943,0.44,0.15759637188208614,0.22368421052631576,0.16438356164383555,0.14913294797687857,0.34105263157894733,0.3833333333333333,0.45862068965517244,0.39620403321470943,0.16388467374810328,0.2758620689655173,1
0.6809015421115066,0.5544444444444444,0.7800453514739228,0.40789473684210525,0.6356164383561644,0.8,0.7610526315789474,0.5999999999999999,0.6942528735632185,0.6809015421115066,0.6691957511380882,0.4051724137931034,0
1.0,0.5,0.6893424036281178,0.40789473684210525,0.5671232876712329,0.6543352601156068,0.6273684210526316,0.5,0.6597701149425288,1.0,0.5371775417298938,0.4482758620689656,0
0.21233689205219455,0.4300000000000001,0.5170068027210885,0.23684210526315788,0.4643835616438356,0.5456647398843931,0.16631578947368422,0.46666666666666656,0.571264367816092,0.21233689205219455,0.41729893778452215,0.26724137931034486,1
0.8564650059311982,0.6533333333333333,0.536281179138322,0.4868421052631579,0.4863013698630137,0.699421965317919,0.8936842105263159,0.4,0.5724137931034483,0.856465005931198,0.6707132018209412,0.5948275862068966,0
0.6180308422301305,0.7388888888888888,0.6961451247165533,0.6447368421052632,0.5383561643835615,0.6439306358381504,0.7778947368421054,0.6666666666666665,0.6908045977011495,0.6180308422301306,0.6919575113808802,0.603448275862069,0
0.8256227758007118,0.8466666666666667,0.546485260770975,0.75,0.7506849315068493,0.8115606936416185,0.614736842105263,0.8333333333333333,0.36091954022988515,0.8256227758007118,0.8770864946889227,0.6120689655172414,0
0.42467378410438916,0.5055555555555555,0.20634920634920634,0.2631578947368421,0.4424657534246575,0.5953757225433526,0.26210526315789473,0.29999999999999993,0.274712643678161,0.42467378410438916,0.5007587253414265,0.3620689655172414,1
0.4602609727164888,0.3566666666666667,0.4625850340136054,0.3684210526315789,0.3863013698630137,0.05780346820809246,0.5873684210526315,0.41666666666666663,0.5816091954022989,0.4602609727164888,0.047040971168437085,0.43965517241379315,1
0.33807829181494664,0.611111111111111,0.2902494331065759,0.19736842105263158,0.22328767123287668,0.5260115606936416,0.3557894736842105,0.6333333333333333,0.5436781609195402,0.33807829181494664,0.528072837632777,0.18965517241379312,1
0.28588374851720044,0.5366666666666666,0.40022675736961455,0.07894736842105263,0.36164383561643837,0.4404624277456648,0.16421052631578947,0.3833333333333333,0.539080459770115,0.28588374851720055,0.42185128983308046,0.09482758620689656,1
0.8102016607354686,0.6366666666666666,0.6893424036281178,0.618421052631579,0.656164383561644,0.9179190751445087,0.7515789473684211,0.6666666666666665,0.5850574712643679,0.8102016607354685,0.802731411229135,0.5775862068965518,0
0.6654804270462633,0.5966666666666667,0.4331065759637188,0.5263157894736842,0.5602739726027397,0.7722543352601156,0.6926315789473685,0.7666666666666666,0.4057471264367817,0.6654804270462633,0.6798179059180578,0.456896551724138,0
0.7034400948991697,0.38666666666666666,0.3401360544217687,0.22368421052631576,0.11095890410958903,0.36184971098265895,0.40947368421052627,0.6166666666666667,0.6885057471264369,0.7034400948991697,0.26707132018209406,0.21551724137931036,1
0.6322657176749704,0.7355555555555555,0.5272108843537414,0.5921052631578947,0.7205479452054795,0.7028901734104046,0.6957894736842105,0.6333333333333333,0.3666666666666667,0.6322657176749703,0.7283763277693478,0.5689655172413793,0
0.8434163701067616,0.8744444444444445,0.4478458049886621,0.49999999999999994,0.763013698630137,0.6936416184971098,0.9736842105263159,0.6166666666666667,0.25057471264367825,0.8434163701067616,0.8179059180576633,0.49137931034482757,0
0.3807829181494662,0.5066666666666667,0.47845804988662133,0.22368421052631576,0.24794520547945204,0.2890173410404624,0.33789473684210525,0.1499999999999999,0.713793103448276,0.3807829181494662,0.3004552352048559,0.37931034482758624,1
0.12455516014234877,0.16222222222222227,0.6031746031746031,0.02631578947368421,0.31232876712328766,0.18959537572254334,0.0,0.34999999999999987,0.7862068965517242,0.12455516014234877,0.0,0.03448275862068966,1
0.7319098457888494,0.601111111111111,0.4965986394557823,0.4868421052631579,0.48356164383561634,0.6647398843930635,0.6378947368421053,0.5999999999999999,0.5344827586206897,0.7319098457888494,0.6130500758725341,0.48275862068965525,0
0.7449584816132859,0.6366666666666666,0.7165532879818594,0.4605263157894737,0.8520547945205479,0.6855491329479768,0.7052631578947368,0.46666666666666656,0.44827586206896564,0.7449584816132859,0.6494688922610017,0.5172413793103449,0
0.4139976275207593,0.23888888888888893,0.23696145124716556,0.23684210526315788,0.21506849315068494,0.3930635838150289,0.503157894736842,0.6666666666666665,0.49655172413793114,0.4139976275207592,0.18664643399089537,0.2241379310344828,1
0.534994068801898,0.78,0.7142857142857142,0.6710526315789472,0.5712328767123287,0.6520231213872832,0.6831578947368422,0.44999999999999996,0.6816091954022989,0.534994068801898,0.7268588770864948,0.7672413793103449,0
0.6678529062870701,0.7533333333333333,0.6179138321995464,0.618421052631579,0.6794520547945204,0.5722543352601156,0.7378947368421052,0.4833333333333334,0.49310344827586217,0.66785290628707,0.6555386949924129,0.6896551724137931,0
0.26097271648873077,0.49666666666666676,0.5034013605442177,0.18421052631578946,0.34520547945205476,0.3052023121387283,0.1231578947368421,0.5833333333333333,0.6574712643678162,0.26097271648873077,0.3050075872534143,0.18965517241379312,1
0.6026097271648874,0.2788888888888889,0.3197278911564626,0.18421052631578946,0.5205479452054795,0.2901734104046243,0.5536842105263158,0.4,0.32413793103448285,0.6026097271648874,0.1456752655538695,0.2241379310344828,1
0.9051008303677344,0.6877777777777778,0.7766439909297052,0.6842105263157895,0.7178082191780824,0.5572254335260116,0.5105263157894737,0.7666666666666666,0.6218390804597702,0.9051008303677344,0.6009104704097119,0.5862068965517242,0
0.5124555160142349,0.2566666666666667,0.27664399092970526,0.15789473684210525,0.5205479452054795,0.35722543352601155,0.523157894736842,0.6666666666666665,0.2804597701149426,0.5124555160142349,0.17602427921092562,0.14655172413793105,1
0.11743772241992886,0.5488888888888889,0.6031746031746031,0.2894736842105263,0.5041095890410958,0.4011560693641619,0.40631578947368424,0.5166666666666666,0.6252873563218392,0.11743772241992886,0.4036418816388468,0.3103448275862069,1
0.5504151838671412,0.43222222222222223,0.227891156462585,0.14473684210526316,0.4205479452054795,0.4242774566473989,0.2642105263157895,0.6666666666666665,0.3149425287356323,0.5504151838671412,0.33990895295902895,0.13793103448275865,1
0.7224199288256228,0.5255555555555556,0.5963718820861679,0.618421052631579,0.5643835616438355,0.884393063583815,0.8557894736842104,0.5333333333333332,0.567816091954023,0.7224199288256228,0.7040971168437027,0.6551724137931035,0
0.6690391459074733,0.5355555555555556,0.2811791383219955,0.039473684210526314,0.35616438356164387,0.261271676300578,0.46210526315789474,0.6499999999999999,0.42298850574712654,0.6690391459074733,0.3034901365705616,0.03448275862068966,1
0.43179122182680907,0.3388888888888889,0.3469387755102041,0.06578947368421052,0.5123287671232877,0.36763005780346814,0.5294736842105263,0.44999999999999996,0.35862068965517246,0.43179122182680907,0.23823975720789076,0.07758620689655173,1
0.6619217081850535,0.8433333333333334,0.7947845804988662,0.75,0.6972602739726028,0.6312138728323698,0.6399999999999999,0.6833333333333331,0.6574712643678162,0.6619217081850534,0.7556904400606983,0.6896551724137931,0
0.7888493475682089,0.7488888888888889,0.6564625850340137,0.513157894736842,0.6041095890410957,0.7572254335260116,0.5652631578947369,0.41666666666666663,0.5954022988505748,0.7888493475682087,0.773899848254932,0.6120689655172414,0
0.6180308422301305,0.6833333333333333,0.6179138321995464,0.381578947368421,0.6630136986301371,0.6000000000000001,0.7147368421052631,0.5999999999999999,0.5068965517241381,0.6180308422301306,0.6251896813353568,0.37931034482758624,0
0.5124555160142349,0.40444444444444444,0.6031746031746031,0.3157894736842105,0.3698630136986301,0.4277456647398844,0.11684210526315791,0.2333333333333334,0.7379310344827588,0.5124555160142349,0.3216995447647952,0.4741379310344828,1
0.5255041518386715,0.6699999999999999,0.9024943310657596,0.4868421052631579,0.7136986301369863,0.7595375722543353,0.8789473684210527,0.8333333333333333,0.7528735632183909,0.5255041518386714,0.7223065250379364,0.3965517241379311,0
1.0,0.7566666666666666,0.8446712018140589,0.7236842105263157,0.8972602739726028,0.6774566473988438,0.7115789473684211,0.7833333333333332,0.5402298850574714,1.0,0.7268588770864948,0.6120689655172414,0
0.8505338078291815,0.7488888888888889,0.8140589569160998,0.30263157894736836,0.9109589041095891,0.4393063583815029,0.6957894736842105,0.6166666666666667,0.4977011494252874,0.8505338078291815,0.5644916540212446,0.2931034482758621,0
0.8873072360616845,0.6555555555555556,0.7460317460317459,0.43421052631578944,0.7794520547945207,0.7190751445086705,0.5705263157894738,0.9333333333333331,0.539080459770115,0.8873072360616845,0.6858877086494692,0.32758620689655177,0
0.8790035587188612,0.7711111111111112,0.6587301587301588,0.6447368421052632,0.6684931506849314,0.761849710982659,0.6452631578947368,0.75,0.5436781609195402,0.8790035587188612,0.7921092564491656,0.560344827586207,0
0.7354685646500594,0.5122222222222222,0.7981859410430839,0.42105263157894735,0.6712328767123288,0.8034682080924855,0.625263157894737,0.5666666666666667,0.6827586206896552,0.7354685646500594,0.6433990895295905,0.4310344827586207,0
0.6986951364175563,0.5133333333333333,0.5997732426303856,0.17105263157894737,0.4534246575342466,0.2658959537572254,0.15789473684210525,0.41666666666666663,0.664367816091954,0.6986951364175563,0.29135053110773906,0.20689655172413793,1
0.6595492289442467,0.6622222222222222,0.6972789115646258,0.4605263157894737,0.6630136986301371,0.8820809248554912,0.7473684210526315,0.5499999999999998,0.5873563218390805,0.6595492289442467,0.796661608497724,0.48275862068965525,0
0.6453143534994068,0.49000000000000005,0.3832199546485261,0.24999999999999997,0.5205479452054795,0.4624277456647399,0.3589473684210526,0.41666666666666663,0.3885057471264369,0.6453143534994068,0.4036418816388468,0.3017241379310345,1
0.819691577698695,0.9044444444444446,0.5170068027210885,0.6578947368421052,0.5712328767123287,0.7132947976878613,0.6336842105263158,0.43333333333333324,0.4816091954022989,0.819691577698695,0.851289833080425,0.7672413793103449,0
0.4223013048635824,0.35444444444444445,0.38095238095238093,0.2631578947368421,0.45068493150684924,0.35838150289017345,0.2368421052631579,0.44999999999999996,0.44482758620689666,0.4223013048635825,0.24279210925644928,0.3017241379310345,1
0.870699881376038,0.7388888888888888,0.5306122448979592,0.49999999999999994,0.5821917808219177,0.8184971098265895,0.6873684210526316,0.7999999999999998,0.4862068965517242,0.870699881376038,0.8072837632776937,0.4224137931034483,0
0.7651245551601424,0.62,0.6655328798185941,0.35526315789473684,0.6369863013698631,0.561849710982659,0.6378947368421053,0.8666666666666665,0.5770114942528737,0.7651245551601424,0.5584218512898331,0.28448275862068967,0
0.9145907473309609,0.5255555555555556,0.5351473922902494,0.2631578947368421,0.678082191780822,0.7456647398843931,0.7410526315789474,0.5666666666666667,0.41034482758620694,0.9145907473309609,0.6130500758725341,0.26724137931034486,0
0.9300118623962039,0.6977777777777777,0.5702947845804989,0.40789473684210525,0.3986301369863014,0.7329479768786128,0.6031578947368421,0.5333333333333332,0.6804597701149426,0.9300118623962039,0.7223065250379364,0.4310344827586207,0
0.4531435349940688,0.611111111111111,0.1746031746031746,0.09210526315789473,0.19589041095890408,0.36416184971098264,0.3168421052631579,0.44999999999999996,0.4494252873563219,0.4531435349940689,0.42185128983308046,0.10344827586206896,1
0.7876631079478055,0.8422222222222222,0.6462585034013605,0.40789473684210525,0.4315068493150685,0.661271676300578,0.7578947368421052,0.8999999999999999,0.7298850574712644,0.7876631079478054,0.773899848254932,0.31896551724137934,0
0.604982206405694,0.43555555555555564,0.4501133786848073,0.3289473684210526,0.42328767123287664,0.4427745664739884,0.4378947368421053,0.3833333333333333,0.5379310344827587,0.604982206405694,0.3535660091047042,0.4051724137931034,1
0.3416370106761566,0.23111111111111116,0.037414965986394544,0.2763157894736842,0.3876712328767123,0.5953757225433526,0.3442105263157895,0.34999999999999987,0.14942528735632188,0.3416370106761566,0.31411229135053115,0.35344827586206895,1
0.34519572953736655,0.5277777777777778,0.14285714285714285,0.381578947368421,0.2383561643835616,0.38265895953757223,0.38736842105263153,0.6166666666666667,0.38160919540229893,0.34519572953736655,0.3763277693474963,0.3706896551724138,1
0.8386714116251484,0.6533333333333333,0.9512471655328798,0.631578947368421,0.7493150684931507,0.6161849710982659,0.8168421052631578,0.9499999999999997,0.7724137931034484,0.8386714116251484,0.61608497723824,0.4741379310344828,0
0.8896797153024911,0.5,0.7494331065759637,0.3289473684210526,0.6534246575342466,0.5630057803468208,0.5800000000000001,0.34999999999999987,0.6482758620689656,0.8896797153024911,0.47647951441578157,0.4224137931034483,0
0.3736654804270464,0.4811111111111111,0.47845804988662133,0.013157894736842105,0.4424657534246575,0.4497109826589595,0.43999999999999995,0.6333333333333333,0.5505747126436782,0.3736654804270463,0.38846737481031873,0.008620689655172415,1
0.9288256227758007,0.6388888888888888,1.0,0.5657894736842105,0.6150684931506849,0.8242774566473988,0.628421052631579,0.6333333333333333,0.9344827586206897,0.9288256227758007,0.7435508345978759,0.5431034482758621,0
0.5397390272835113,0.31222222222222223,0.4852607709750567,0.15789473684210525,0.2780821917808219,0.5953757225433526,0.5652631578947369,0.5166666666666666,0.6954022988505748,0.5397390272835113,0.37025796661608507,0.1724137931034483,1
0.3202846975088969,0.4777777777777778,0.22108843537414968,0.2763157894736842,0.5205479452054795,0.3976878612716763,0.5094736842105263,0.41666666666666663,0.22413793103448282,0.32028469750889677,0.3520485584218513,0.32758620689655177,1
0.6631079478054567,0.8333333333333334,0.5986394557823128,0.5394736842105262,0.9123287671232876,0.815028901734104,0.49263157894736836,0.6333333333333333,0.27816091954023,0.6631079478054567,0.8694992412746587,0.5172413793103449,0
1.0,0.6744444444444444,0.8356009070294784,0.6973684210526315,0.6232876712328768,0.7028901734104046,0.6926315789473685,0.46666666666666656,0.7609195402298852,1.0,0.6874051593323218,0.7844827586206897,0
0.0,0.4766666666666666,0.46712018140589573,0.23684210526315788,0.44520547945205474,0.4011560693641619,0.6263157894736842,0.4833333333333334,0.5367816091954024,0.0,0.355083459787557,0.26724137931034486,1
0.9181494661921707,0.7455555555555555,0.4965986394557823,0.5394736842105262,0.9027397260273973,0.5502890173410405,0.6010526315789473,0.7666666666666666,0.18275862068965526,0.918149466192171,0.6358118361153264,0.4655172413793104,0
0.7935943060498221,0.59,0.8038548752834467,0.5789473684210527,0.7068493150684931,0.7803468208092486,0.5484210526315789,0.5499999999999998,0.6586206896551725,0.7935943060498221,0.6798179059180578,0.603448275862069,0
0.8635824436536181,0.9333333333333333,0.7573696145124715,0.381578947368421,0.6054794520547946,0.5942196531791908,0.8399999999999999,0.5666666666666667,0.6965517241379311,0.8635824436536181,0.7921092564491656,0.3879310344827587,0
0.6002372479240806,0.47000000000000003,0.2732426303854875,0.17105263157894737,0.5178082191780822,0.21387283236994217,0.503157894736842,0.5999999999999999,0.2793103448275863,0.6002372479240807,0.22761760242792123,0.1724137931034483,1
0.597864768683274,0.7077777777777778,0.8911564625850341,0.6052631578947367,0.6027397260273972,0.6057803468208093,0.6399999999999999,0.5,0.8344827586206898,0.5978647686832741,0.6464339908952961,0.6637931034482759,0
0.7425860023724793,0.7699999999999999,0.5691609977324263,0.5789473684210527,0.6369863013698631,0.5722543352601156,0.614736842105263,0.5,0.4793103448275863,0.7425860023724793,0.6676783004552354,0.6293103448275862,0
0.8718861209964412,0.5466666666666666,0.7426303854875284,0.763157894736842,0.763013698630137,0.7179190751445086,0.7642105263157895,0.33333333333333326,0.5494252873563219,0.8718861209964412,0.6100151745068287,1.0,0
0.6903914590747332,0.7100000000000001,0.8197278911564625,0.39473684210526316,0.617808219178082,0.5664739884393063,0.5726315789473684,0.5999999999999999,0.7494252873563219,0.6903914590747331,0.6221547799696512,0.3879310344827587,0
1.0,0.7166666666666667,0.5351473922902494,0.4473684210526315,0.656164383561644,0.46127167630057797,0.5452631578947369,0.7333333333333334,0.4287356321839081,1.0,0.5584218512898331,0.3965517241379311,0
0.8232502965599051,0.5755555555555555,0.7335600907029478,0.6052631578947367,0.8849315068493151,0.8867052023121388,0.7673684210526317,0.7666666666666666,0.4379310344827587,0.8232502965599051,0.7405159332321702,0.5258620689655172,0
0.6998813760379597,0.7633333333333333,0.4331065759637188,0.5921052631578947,0.6835616438356165,0.8242774566473988,0.47368421052631576,0.4833333333333334,0.30229885057471273,0.6998813760379596,0.828528072837633,0.6551724137931035,0
0.8659549228944248,0.731111111111111,0.764172335600907,0.5657894736842105,0.7287671232876713,0.6543352601156068,0.9642105263157894,0.7999999999999998,0.6000000000000001,0.8659549228944248,0.6934749620637333,0.4741379310344828,0
0.9786476868327403,0.6699999999999999,0.6258503401360545,0.513157894736842,0.48904109589041095,0.5526011560693641,0.7210526315789474,0.3666666666666667,0.6609195402298851,0.9786476868327403,0.5857359635811836,0.646551724137931,0
0.8564650059311982,0.7411111111111112,0.4591836734693877,0.5789473684210527,0.6849315068493151,0.6601156069364161,0.6526315789473685,0.3666666666666667,0.3275862068965518,0.856465005931198,0.7040971168437027,0.7327586206896552,0
0.5029655990510083,0.5733333333333334,0.41950113378684806,0.42105263157894735,0.38493150684931504,0.3965317919075144,0.5315789473684212,0.43333333333333324,0.539080459770115,0.5029655990510082,0.41729893778452215,0.49137931034482757,1
0.9134045077105577,0.831111111111111,0.8503401360544217,0.381578947368421,0.5739726027397261,0.8104046242774565,0.5547368421052632,0.5666666666666667,0.8172413793103449,0.9134045077105577,0.8649468892261003,0.3879310344827587,0
0.24673784104389088,0.5966666666666667,0.5045351473922902,0.11842105263157894,0.30684931506849317,0.5953757225433526,0.21578947368421053,0.6499999999999999,0.6908045977011495,0.24673784104389088,0.5644916540212446,0.1120689655172414,1
0.7971530249110321,0.5222222222222221,0.7755102040816326,0.381578947368421,0.6958904109589041,0.761849710982659,0.6852631578947368,0.5999999999999999,0.639080459770115,0.797153024911032,0.6221547799696512,0.37931034482758624,0
0.8386714116251484,0.7455555555555555,0.6564625850340137,0.4473684210526315,0.6164383561643836,0.576878612716763,0.6378947368421053,0.5,0.5850574712643679,0.8386714116251484,0.6525037936267073,0.49137931034482757,0
0.9406880189798339,0.7699999999999999,0.7732426303854876,0.5921052631578947,0.810958904109589,0.6427745664739883,0.7926315789473684,0.5333333333333332,0.5402298850574714,0.9406880189798339,0.7132018209408197,0.6293103448275862,0
0.763938315539739,0.5955555555555555,0.7165532879818594,0.4605263157894737,0.5561643835616437,0.7861271676300577,0.9452631578947368,0.7166666666666666,0.6965517241379311,0.7639383155397391,0.6889226100151746,0.41379310344827586,0
0.6393831553973902,0.611111111111111,0.4467120181405896,0.21052631578947367,0.4575342465753424,0.4300578034682081,0.631578947368421,0.2666666666666666,0.5057471264367817,0.6393831553973902,0.4643399089529591,0.3017241379310345,1
0.4614472123368921,0.4022222222222223,0.37074829931972786,0.2894736842105263,0.26986301369863014,0.5895953757225434,0.631578947368421,0.29999999999999993,0.5862068965517242,0.4614472123368921,0.4279210925644917,0.3965517241379311,1
0.5575326215895612,0.3888888888888889,0.3560090702947846,0.4605263157894737,0.06986301369863013,0.35028901734104045,0.4789473684210526,0.41666666666666663,0.739080459770115,0.5575326215895611,0.26100151745068284,0.5517241379310346,1
0.7722419928825622,0.8033333333333332,0.9263038548752833,0.5526315789473684,0.5602739726027397,0.638150289017341,0.7189473684210526,0.8666666666666665,0.9057471264367817,0.7722419928825623,0.732928679817906,0.43965517241379315,0
0.7034400948991697,0.3077777777777778,0.3616780045351474,0.02631578947368421,0.13150684931506845,0.284393063583815,0.3642105263157895,0.1499999999999999,0.6931034482758621,0.7034400948991697,0.16236722306525037,0.04310344827586207,1
0.8683274021352314,0.9144444444444444,0.782312925170068,0.3684210526315789,0.5753424657534247,0.8127167630057803,0.9063157894736842,0.5833333333333333,0.7471264367816093,0.8683274021352314,0.9226100151745071,0.3706896551724138,0
0.638196915776987,0.6933333333333334,0.5941043083900227,0.30263157894736836,0.7068493150684931,0.7583815028901734,0.47368421052631576,0.8499999999999999,0.44597701149425295,0.6381969157769869,0.7374810318664644,0.24137931034482762,0
0.8908659549228943,0.6699999999999999,0.6213151927437641,0.3289473684210526,0.736986301369863,0.7791907514450868,0.4842105263157895,0.5,0.44827586206896564,0.8908659549228946,0.7344461305007588,0.3620689655172414,0
0.25385527876631087,0.33222222222222225,0.373015873015873,0.24999999999999997,0.25205479452054796,0.46127167630057797,0.14736842105263157,0.29999999999999993,0.6034482758620691,0.25385527876631075,0.2943854324734447,0.3448275862068966,1
0.5112692763938316,0.26,0.5124716553287981,0.11842105263157894,0.2397260273972603,0.4300578034682081,0.38842105263157894,0.3666666666666667,0.7551724137931035,0.5112692763938316,0.2245827010622155,0.14655172413793105,1
0.9276393831553975,0.8122222222222222,0.5929705215419501,0.3157894736842105,0.9191780821917808,0.7283236994219653,0.7589473684210526,0.6333333333333333,0.2666666666666667,0.9276393831553973,0.7981790591805769,0.3017241379310345,0
0.7354685646500594,0.6844444444444444,0.6133786848072563,0.5394736842105262,0.6575342465753424,0.798843930635838,0.7336842105263157,0.34999999999999987,0.5068965517241381,0.7354685646500594,0.7572078907435509,0.6896551724137931,0
0.7568208778173191,0.8111111111111111,0.7086167800453514,0.5263157894736842,0.8575342465753424,0.6832369942196531,0.5810526315789475,0.7666666666666666,0.43563218390804603,0.7568208778173191,0.7678300455235205,0.456896551724138,0
0.9786476868327403,0.6399999999999999,0.68140589569161,0.6710526315789472,0.7684931506849315,0.808092485549133,0.9452631578947368,0.44999999999999996,0.48275862068965525,0.9786476868327403,0.732928679817906,0.7672413793103449,0
0.3831553973902728,0.5177777777777778,0.4478458049886621,0.19736842105263158,0.3767123287671233,0.5953757225433526,0.49052631578947364,0.6666666666666665,0.574712643678161,0.3831553973902728,0.5098634294385433,0.1810344827586207,1
0.6737841043890866,0.5855555555555556,0.7324263038548753,0.5789473684210527,0.7465753424657535,0.6277456647398844,0.7010526315789474,0.7166666666666666,0.5528735632183909,0.6737841043890865,0.576631259484067,0.5172413793103449,0
0.32384341637010683,0.43111111111111106,0.44557823129251706,0.19736842105263158,0.2671232876712329,0.12601156069364158,0.16,0.16666666666666663,0.664367816091954,0.32384341637010683,0.1426403641881639,0.32758620689655177,1
0.5302491103202848,0.5911111111111111,0.04195011337868482,0.11842105263157894,0.1232876712328767,0.4161849710982659,0.43473684210526314,0.41666666666666663,0.3758620689655173,0.5302491103202847,0.44309559939301973,0.13793103448275865,1
0.23013048635824437,0.5088888888888888,0.5158730158730158,0.15789473684210525,0.5205479452054795,0.5953757225433526,0.3273684210526316,0.2333333333333334,0.5229885057471265,0.23013048635824432,0.5037936267071321,0.2327586206896552,1
0.5255041518386715,0.8666666666666667,0.7630385487528344,0.49999999999999994,0.6219178082191781,0.5433526011560693,0.503157894736842,0.44999999999999996,0.6885057471264369,0.5255041518386714,0.7132018209408197,0.5775862068965518,0
0.7034400948991697,0.4544444444444445,0.20975056689342403,0.07894736842105263,0.3972602739726027,0.5260115606936416,0.41263157894736846,0.6666666666666665,0.3160919540229886,0.7034400948991697,0.42185128983308046,0.07758620689655173,1
0.8018979833926453,0.5844444444444444,0.4331065759637188,0.631578947368421,0.5136986301369864,0.9445086705202311,0.6031578947368421,0.8833333333333333,0.44482758620689666,0.8018979833926453,0.7845220030349016,0.5,0
0.8552787663107948,0.8633333333333334,0.6723356009070294,0.4868421052631579,0.7602739726027397,0.5942196531791908,0.6947368421052631,0.6333333333333333,0.48045977011494256,0.8552787663107948,0.7450682852807284,0.4655172413793104,0
0.807829181494662,0.5,0.629251700680272,0.3684210526315789,0.6219178082191781,0.8034682080924855,0.6505263157894736,0.7333333333333334,0.5528735632183909,0.8078291814946619,0.6342943854324736,0.32758620689655177,0
0.6868327402135231,0.7433333333333334,0.7097505668934241,0.5526315789473684,0.8465753424657534,0.7260115606936416,0.9336842105263159,0.8166666666666667,0.44597701149425295,0.6868327402135231,0.7496206373292869,0.456896551724138,0
0.7591933570581259,0.6255555555555555,0.6394557823129252,0.4868421052631579,0.6369863013698631,0.5942196531791908,0.7115789473684211,0.7,0.5505747126436782,0.7591933570581259,0.582701062215478,0.43965517241379315,0
0.9537366548042705,0.7,0.8151927437641724,0.40789473684210525,0.5794520547945206,0.5745664739884393,0.7810526315789474,0.6499999999999999,0.7770114942528736,0.9537366548042705,0.6206373292867982,0.3879310344827587,0
0.24555160142348756,0.5011111111111111,0.20068027210884354,0.0,0.39041095890410954,0.2774566473988439,0.36526315789473685,0.6666666666666665,0.31264367816091965,0.24555160142348756,0.28983308042488626,0.0,1
0.6975088967971531,0.7522222222222222,0.7256235827664399,0.513157894736842,0.7356164383561645,0.48323699421965316,0.8410526315789475,0.5333333333333332,0.5551724137931036,0.697508896797153,0.5963581183611535,0.5431034482758621,0
0.23131672597864775,0.3133333333333334,0.33446712018140584,0.15789473684210525,0.5205479452054795,0.36069364161849715,0.45578947368421047,0.1499999999999999,0.33908045977011503,0.23131672597864764,0.21547799696509867,0.26724137931034486,1
0.7402135231316725,0.6244444444444445,0.7448979591836734,0.30263157894736836,0.45616438356164374,0.5664739884393063,0.47368421052631576,0.7333333333333334,0.8091954022988507,0.7402135231316727,0.5644916540212446,0.26724137931034486,0
0.701067615658363,0.7344444444444443,0.7505668934240363,0.513157894736842,0.882191780821918,0.5583815028901734,0.7252631578947368,0.5166666666666666,0.45747126436781615,0.701067615658363,0.6327769347496208,0.5517241379310346,0
0.21708185053380782,0.5311111111111111,0.5816326530612245,0.17105263157894737,0.2821917808219178,0.2786127167630058,0.3589473684210526,0.1499999999999999,0.7896551724137932,0.21708185053380788,0.31107738998482565,0.28448275862068967,1
0.8932384341637012,0.7033333333333333,0.4693877551020409,0.6578947368421052,0.6739726027397261,0.5907514450867051,0.5694736842105264,0.6833333333333331,0.34712643678160926,0.8932384341637012,0.6327769347496208,0.603448275862069,0
0.5183867141162515,0.23111111111111116,0.42290249433106575,0.24999999999999997,0.33561643835616434,0.261271676300578,0.19578947368421054,0.5166666666666666,0.5839080459770116,0.5183867141162515,0.09408194233687411,0.26724137931034486,1
0.4994068801897984,0.46555555555555556,0.227891156462585,0.0,0.40547945205479446,0.31560693641618487,0.41894736842105257,0.33333333333333326,0.3275862068965518,0.4994068801897983,0.28983308042488626,0.0,1
0.7176749703440095,0.8711111111111112,0.7834467120181406,0.2763157894736842,0.678082191780822,0.692485549132948,0.6357894736842107,0.44999999999999996,0.6620689655172415,0.7176749703440095,0.8148710166919577,0.31896551724137934,0
0.727164887307236,0.8544444444444445,0.5986394557823128,0.39473684210526316,0.5657534246575342,0.8242774566473988,0.6694736842105262,0.5666666666666667,0.5689655172413793,0.727164887307236,0.8892261001517452,0.4051724137931034,0
0.5124555160142349,0.5777777777777777,0.21541950113378683,0.39473684210526316,0.45479452054794517,0.49017341040462425,0.14105263157894735,0.4,0.2735632183908047,0.5124555160142349,0.4825493171471928,0.48275862068965525,1
0.7105575326215895,1.0,0.8446712018140589,0.2631578947368421,0.521917808219178,0.5942196531791908,0.9473684210526316,0.43333333333333324,0.8551724137931035,0.7105575326215896,0.8376327769347498,0.3103448275862069,0
0.7034400948991697,0.46333333333333343,0.12471655328798187,0.19736842105263158,0.5205479452054795,0.4601156069364162,0.38526315789473686,0.5999999999999999,0.12643678160919547,0.7034400948991697,0.3839150227617603,0.19827586206896555,1
0.7485172004744959,0.6888888888888889,0.7188208616780045,0.513157894736842,0.595890410958904,0.5630057803468208,0.763157894736842,0.8666666666666665,0.6655172413793105,0.7485172004744959,0.6054628224582701,0.41379310344827586,0
0.6559905100830368,0.65,0.8458049886621316,0.43421052631578944,0.8273972602739728,0.6427745664739883,0.5831578947368421,0.5166666666666666,0.6000000000000001,0.6559905100830368,0.631259484066768,0.4655172413793104,0
0.7141162514827997,0.6866666666666666,0.7891156462585035,0.5789473684210527,0.5410958904109588,0.7965317919075144,0.6957894736842105,0.33333333333333326,0.7827586206896553,0.7141162514827996,0.7572078907435509,0.7586206896551725,0
0.8030842230130487,0.6477777777777777,0.6564625850340137,0.39473684210526316,0.4109589041095891,0.48786127167630056,0.6673684210526316,0.75,0.7574712643678161,0.8030842230130486,0.528072837632777,0.3448275862068966,0
0.6725978647686833,0.8300000000000001,0.7029478458049886,0.6447368421052632,0.45068493150684924,0.6635838150289017,0.571578947368421,0.5,0.771264367816092,0.6725978647686832,0.7678300455235205,0.7068965517241379,0
0.594306049822064,0.6855555555555556,0.8752834467120181,0.2631578947368421,0.5150684931506848,0.7260115606936416,0.6799999999999999,0.75,0.8919540229885058,0.5943060498220641,0.7101669195751139,0.2327586206896552,0
0.601423487544484,0.75,0.7380952380952381,0.3157894736842105,0.6931506849315068,0.7930635838150288,0.6094736842105264,0.33333333333333326,0.6034482758620691,0.601423487544484,0.7981790591805769,0.41379310344827586,0
0.7995255041518387,0.6811111111111111,0.7301587301587302,0.2631578947368421,0.5452054794520547,0.7653179190751446,0.6673684210526316,0.8333333333333333,0.7195402298850575,0.7995255041518387,0.732928679817906,0.21551724137931036,0
0.9620403321470936,0.6544444444444445,0.7585034013605443,0.43421052631578944,0.5684931506849316,0.6809248554913295,0.5568421052631578,0.75,0.7287356321839081,0.9620403321470936,0.6585735963581185,0.37931034482758624,0
0.7034400948991697,0.31222222222222223,0.3253968253968254,0.39473684210526316,0.5205479452054795,0.5745664739884393,0.32421052631578945,0.18333333333333324,0.32988505747126445,0.7034400948991697,0.3566009104704098,0.6293103448275862,1
0.9691577698695137,0.59,0.7074829931972789,0.47368421052631576,0.6356164383561644,0.4219653179190751,0.47368421052631576,0.46666666666666656,0.6206896551724139,0.9691577698695135,0.44613050075872546,0.5344827586206897,0
0.9335705812574142,0.7433333333333334,0.47165532879818595,0.513157894736842,0.6972602739726028,0.8647398843930635,0.9926315789473685,0.3666666666666667,0.32988505747126445,0.933570581257414,0.8406676783004554,0.646551724137931,0
0.8398576512455516,0.701111111111111,0.5725623582766439,0.5921052631578947,0.617808219178082,0.7028901734104046,0.5178947368421052,0.8166666666666667,0.4988505747126437,0.8398576512455516,0.7056145675265557,0.49137931034482757,0
0.8339264531435351,0.7833333333333333,0.8242630385487528,0.3157894736842105,0.38356164383561636,0.7560693641618498,0.9547368421052633,0.6499999999999999,0.9505747126436782,0.8339264531435351,0.796661608497724,0.3017241379310345,0
0.3760379596678529,0.4188888888888889,0.5430839002267573,0.47368421052631576,0.29589041095890406,0.46936416184971097,0.19368421052631576,0.29999999999999993,0.739080459770115,0.3760379596678529,0.3596358118361154,0.646551724137931,1
0.8374851720047449,0.7877777777777778,0.753968253968254,0.631578947368421,0.4863013698630137,0.6508670520231213,0.8505263157894736,0.9833333333333334,0.7931034482758621,0.8374851720047449,0.7314112291350534,0.4655172413793104,0
0.7769869513641756,0.6988888888888889,0.8979591836734693,0.2631578947368421,0.8945205479452054,0.645086705202312,0.7273684210526314,0.8833333333333333,0.5965517241379311,0.7769869513641756,0.6661608497723825,0.20689655172413793,0
0.851720047449585,0.7611111111111111,0.5328798185941043,0.35526315789473684,0.6808219178082193,0.5364161849710982,0.8178947368421052,0.5999999999999999,0.4057471264367817,0.8517200474495847,0.6373292867981792,0.35344827586206895,0
0.9489916963226572,0.5,0.8877551020408163,0.763157894736842,0.5863013698630137,0.5780346820809248,0.5073684210526317,0.8333333333333333,0.8448275862068966,0.9489916963226572,0.4855842185128985,0.6206896551724138,0
0.9655990510083037,0.5133333333333333,0.5725623582766439,0.42105263157894735,0.7095890410958905,0.4300578034682081,0.6536842105263156,0.5999999999999999,0.4218390804597702,0.9655990510083037,0.39757207890743557,0.41379310344827586,0
0.8102016607354686,0.7722222222222223,0.5895691609977324,0.6052631578947367,0.38356164383561636,0.5976878612716763,0.894736842105263,0.6333333333333333,0.7126436781609197,0.8102016607354685,0.6858877086494692,0.5862068965517242,0
1.0,0.7399999999999999,0.7460317460317459,0.3289473684210526,0.38356164383561636,0.7260115606936416,0.6778947368421053,0.6666666666666665,0.8712643678160921,1.0,0.7465857359635815,0.3103448275862069,0
0.6156583629893239,0.7644444444444444,0.6167800453514739,0.43421052631578944,0.7465753424657535,0.7271676300578035,0.8705263157894736,0.8999999999999999,0.43563218390804603,0.6156583629893239,0.7647951441578149,0.3362068965517242,0
0.7532621589561093,0.7833333333333333,0.7188208616780045,0.40789473684210525,0.6013698630136988,0.6289017341040463,0.7652631578947369,0.5666666666666667,0.6609195402298851,0.7532621589561092,0.7132018209408197,0.41379310344827586,0
0.47686832740213525,0.5011111111111111,0.253968253968254,0.21052631578947367,0.5205479452054795,0.49595375722543344,0.14947368421052631,0.34999999999999987,0.25747126436781614,0.47686832740213536,0.4339908952959029,0.26724137931034486,1
0.9051008303677344,0.9266666666666667,0.49886621315192736,0.5657894736842105,0.678082191780822,0.6797687861271676,0.6305263157894738,0.6499999999999999,0.3735632183908047,0.9051008303677344,0.843702579666161,0.5344827586206897,0
0.8244365361803085,0.6944444444444444,0.6575963718820861,0.7236842105263157,0.8575342465753424,0.6890173410404623,0.6599999999999999,0.33333333333333326,0.38390804597701156,0.8244365361803083,0.6919575113808802,0.9482758620689656,0
0.9430604982206408,0.6522222222222223,0.6575963718820861,0.5526315789473684,0.6109589041095889,0.4277456647398844,0.8421052631578947,0.8166666666666667,0.5908045977011495,0.9430604982206405,0.4916540212443096,0.456896551724138,0
0.5290628706998813,0.6655555555555556,0.47505668934240364,0.2894736842105263,0.46712328767123285,0.6589595375722543,0.7526315789473683,0.5833333333333333,0.5264367816091955,0.5290628706998813,0.6525037936267073,0.2931034482758621,0
0.8659549228944248,0.6144444444444443,0.6326530612244897,0.47368421052631576,0.7109589041095892,0.49710982658959535,0.7063157894736842,0.9333333333333331,0.4816091954022989,0.8659549228944248,0.5113808801213962,0.3620689655172414,0
0.9039145907473312,0.7955555555555555,0.873015873015873,0.5394736842105262,0.38356164383561636,0.7780346820809247,0.8326315789473684,0.6166666666666667,1.0,0.9039145907473309,0.8194233687405161,0.5258620689655172,0
0.9395017793594307,0.8066666666666666,0.6383219954648526,0.49999999999999994,0.48904109589041095,0.5468208092485549,0.6768421052631579,0.6833333333333331,0.6735632183908047,0.9395017793594305,0.6752655538694994,0.4655172413793104,0
0.8469750889679715,0.8122222222222222,0.4886621315192744,0.618421052631579,0.904109589041096,0.7294797687861271,0.8989473684210527,0.7333333333333334,0.17356321839080469,0.8469750889679715,0.7981790591805769,0.5517241379310346,0
0.638196915776987,0.34666666666666673,0.2732426303854875,0.24999999999999997,0.24109589041095886,0.5213872832369942,0.32210526315789473,0.2666666666666666,0.5114942528735633,0.6381969157769869,0.34446130500758726,0.35344827586206895,1
0.3274021352313168,0.5688888888888889,0.26190476190476186,0.14473684210526316,0.5205479452054795,0.3942196531791907,0.2136842105263158,0.5333333333333332,0.26551724137931043,0.3274021352313168,0.4127465857359636,0.15517241379310345,1
0.7437722419928827,0.7777777777777778,0.6950113378684807,0.3684210526315789,0.4986301369863014,0.6369942196531792,0.888421052631579,0.7166666666666666,0.7229885057471265,0.7437722419928826,0.7147192716236723,0.32758620689655177,0
0.7390272835112693,0.5466666666666666,0.7630385487528344,0.6052631578947367,0.5013698630136987,0.7283236994219653,0.6926315789473685,0.7166666666666666,0.7896551724137932,0.7390272835112693,0.61608497723824,0.5431034482758621,0
0.8315539739027284,0.5555555555555556,0.7698412698412699,0.5263157894736842,0.5397260273972604,0.4485549132947977,0.7210526315789474,0.33333333333333326,0.7643678160919541,0.8315539739027284,0.44006069802731423,0.6896551724137931,0
0.5195729537366548,0.39444444444444443,0.3299319727891156,0.15789473684210525,0.09863013698630141,0.3953757225433526,0.631578947368421,0.44999999999999996,0.6885057471264369,0.5195729537366548,0.2943854324734447,0.1810344827586207,1
0.6073546856465007,0.33000000000000007,0.32086167800453513,0.17105263157894737,0.25753424657534246,0.32138728323699417,0.4884210526315789,0.1166666666666667,0.5459770114942529,0.6073546856465006,0.20182094081942342,0.3017241379310345,1
0.8422301304863584,0.6888888888888889,0.5941043083900227,0.8552631578947368,0.6397260273972603,0.7271676300578035,0.631578947368421,0.43333333333333324,0.5022988505747127,0.8422301304863582,0.7132018209408197,1.0,0
0.7888493475682089,0.6399999999999999,0.7936507936507936,0.2894736842105263,0.6164383561643836,0.5919075144508671,0.6536842105263156,0.5666666666666667,0.7241379310344829,0.7888493475682087,0.5918057663125951,0.2931034482758621,0
0.9383155397390273,0.6211111111111112,0.526077097505669,0.42105263157894735,0.6726027397260272,0.7502890173410405,0.6242105263157893,0.9499999999999997,0.4057471264367817,0.9383155397390273,0.6828528072837634,0.31896551724137934,0
0.8956109134045078,0.7188888888888889,0.590702947845805,0.5657894736842105,0.617808219178082,0.5919075144508671,0.7452631578947368,0.7833333333333332,0.517241379310345,0.8956109134045078,0.6449165402124433,0.48275862068965525,0
0.36536180308422306,0.5222222222222221,0.41496598639455784,0.17105263157894737,0.2561643835616439,0.37341040462427744,0.3526315789473684,0.5166666666666666,0.6425287356321839,0.36536180308422306,0.36722306525037945,0.1810344827586207,1
0.6512455516014235,0.7622222222222221,0.5317460317460317,0.6578947368421052,0.6273972602739726,0.7271676300578035,0.9189473684210525,0.5666666666666667,0.4494252873563219,0.6512455516014235,0.7632776934749623,0.6724137931034484,0
0.6725978647686833,0.7544444444444445,0.7891156462585035,0.34210526315789475,0.5616438356164384,0.6820809248554913,0.6178947368421053,0.7,0.7655172413793104,0.6725978647686832,0.7283763277693478,0.3103448275862069,0
0.49703440094899176,0.611111111111111,0.20068027210884354,0.18421052631578946,0.26438356164383553,0.21849710982658957,0.631578947368421,0.3666666666666667,0.4183908045977012,0.49703440094899165,0.3262518968133537,0.2327586206896552,1
0.6666666666666667,0.5022222222222222,0.6972789115646258,0.5263157894736842,1.0,0.5549132947976878,0.7452631578947368,0.43333333333333324,0.30459770114942536,0.6666666666666666,0.47344461305007596,0.6120689655172414,0
0.774614472123369,0.8777777777777778,0.9285714285714286,0.6052631578947367,0.5684931506849316,0.5895953757225434,0.8547368421052632,0.8666666666666665,0.9011494252873564,0.774614472123369,0.7526555386949925,0.48275862068965525,0
0.5504151838671412,0.4955555555555556,0.39682539682539675,0.22368421052631576,0.2164383561643835,0.5213872832369942,0.12,0.1166666666666667,0.6574712643678162,0.5504151838671412,0.44613050075872546,0.3965517241379311,1
0.9667852906287071,0.6344444444444444,0.6303854875283448,0.6052631578947367,0.5273972602739725,0.7017341040462428,0.8021052631578947,1.0,0.6333333333333334,0.9667852906287069,0.6585735963581185,0.43965517241379315,0
0.20284697508896796,0.4333333333333334,0.5521541950113379,0.15789473684210525,0.42739726027397257,0.3930635838150289,0.4842105263157895,0.6666666666666665,0.6379310344827587,0.202846975088968,0.3186646433990897,0.14655172413793105,1
0.9276393831553975,0.5433333333333333,0.7607709750566894,0.34210526315789475,0.5123287671232877,0.5398843930635838,0.7389473684210526,0.5499999999999998,0.7781609195402299,0.9276393831553973,0.4916540212443096,0.35344827586206895,0
0.7034400948991697,0.3166666666666667,0.24603174603174605,0.21052631578947367,0.2273972602739726,0.17225433526011555,0.4263157894736842,0.5,0.4954022988505748,0.7034400948991697,0.09408194233687411,0.2327586206896552,1
0.7971530249110321,0.7544444444444445,0.8571428571428572,0.40789473684210525,0.7698630136986302,0.8485549132947977,0.7073684210526316,0.46666666666666656,0.6597701149425288,0.797153024911032,0.8376327769347498,0.456896551724138,0
0.37722419928825623,0.29888888888888887,0.3764172335600907,0.2631578947368421,0.5205479452054795,0.46127167630057797,0.5210526315789474,0.41666666666666663,0.38160919540229893,0.37722419928825623,0.2731411229135054,0.3103448275862069,1
0.8327402135231319,0.7044444444444445,0.5476190476190477,0.3157894736842105,0.7054794520547945,0.6658959537572253,0.7315789473684211,0.7166666666666666,0.40000000000000013,0.8327402135231317,0.6828528072837634,0.28448275862068967,0
0.8529062870699882,0.6055555555555555,0.6643990929705216,0.4868421052631579,0.8534246575342466,0.6369942196531792,0.49263157894736836,1.0,0.3942528735632185,0.8529062870699882,0.5978755690440061,0.35344827586206895,0
0.8244365361803085,0.7100000000000001,0.4331065759637188,0.7236842105263157,0.5821917808219177,0.8971098265895953,0.6905263157894737,0.5166666666666666,0.38735632183908053,0.8244365361803083,0.8391502276176026,0.7758620689655173,0
0.5824436536180309,0.5522222222222223,0.2335600907029478,0.06578947368421052,0.4465753424657534,0.2913294797687861,0.631578947368421,0.5666666666666667,0.29885057471264376,0.5824436536180309,0.33383915022761773,0.06896551724137932,1
0.5088967971530249,0.4122222222222222,0.34807256235827666,0.15789473684210525,0.25342465753424653,0.3098265895953757,0.5494736842105263,0.29999999999999993,0.5770114942528737,0.5088967971530249,0.2503793626707133,0.21551724137931036,1
0.24911032028469757,0.4988888888888889,0.38888888888888895,0.22368421052631576,0.4205479452054795,0.3179190751445087,0.43684210526315786,0.5333333333333332,0.47816091954023,0.2491103202846975,0.31562974203338395,0.2327586206896552,1
0.35943060498220647,0.5622222222222222,0.6031746031746031,0.22368421052631576,0.25342465753424653,0.5560693641618497,0.6052631578947367,0.4833333333333334,0.8356321839080461,0.35943060498220647,0.5144157814871018,0.25,1
0.3084223013048636,0.4533333333333333,0.0997732426303855,0.17105263157894737,0.31369863013698623,0.49710982658959535,0.18105263157894735,0.44999999999999996,0.274712643678161,0.3084223013048636,0.4006069802731412,0.19827586206896555,1
0.18030842230130487,0.3811111111111111,0.37755102040816324,0.35526315789473684,0.15753424657534248,0.2913294797687861,0.2736842105263158,0.2333333333333334,0.6873563218390806,0.18030842230130487,0.21699544764795148,0.5258620689655172,1
0.7069988137603797,0.8477777777777777,0.6870748299319729,0.7105263157894737,0.6356164383561644,0.7028901734104046,0.7294736842105263,0.7333333333333334,0.6000000000000001,0.7069988137603797,0.8057663125948409,0.6293103448275862,0
0.8481613285883749,0.6733333333333332,0.673469387755102,0.4868421052631579,0.521917808219178,0.9398843930635837,0.7589473684210526,0.8333333333333333,0.6816091954022989,0.8481613285883749,0.8421851289833082,0.3965517241379311,0
0.7236061684460262,0.9111111111111112,0.7732426303854876,0.7105263157894737,0.6767123287671233,0.8728323699421966,0.7694736842105263,0.9499999999999997,0.6528735632183909,0.7236061684460261,0.9605462822458273,0.5344827586206897,0
0.20521945432977465,0.611111111111111,0.47165532879818595,0.11842105263157894,0.5150684931506848,0.38381502890173413,0.3705263157894737,0.43333333333333324,0.48275862068965525,0.20521945432977465,0.4339908952959029,0.13793103448275865,1
0.39739027283511275,0.43111111111111106,0.2698412698412698,0.22368421052631576,0.1205479452054794,0.2797687861271676,0.0,0.6666666666666665,0.6091954022988506,0.39739027283511275,0.24279210925644928,0.20689655172413793,1
0.8564650059311982,0.5133333333333333,0.6122448979591837,0.8026315789473684,0.7561643835616438,0.46589595375722537,0.6863157894736842,0.5499999999999998,0.42298850574712654,0.856465005931198,0.42185128983308046,0.8362068965517242,0
0.67141162514828,0.84,0.7380952380952381,0.5789473684210527,0.5794520547945206,0.838150289017341,0.9852631578947368,0.7,0.6988505747126438,0.6714116251482799,0.8892261001517452,0.5258620689655172,0
0.6915776986951364,0.8444444444444444,0.68140589569161,0.5657894736842105,0.689041095890411,0.7664739884393063,1.0,0.41666666666666663,0.5494252873563219,0.6915776986951364,0.845220030349014,0.6724137931034484,0
0.8718861209964412,0.7633333333333333,0.6417233560090704,0.4605263157894737,0.7835616438356166,0.6173410404624278,0.7147368421052631,0.8666666666666665,0.42988505747126443,0.8718861209964412,0.6919575113808802,0.3706896551724138,0
0.49703440094899176,0.31888888888888894,0.4433106575963719,0.0,0.13150684931506845,0.4554913294797688,0.3621052631578947,0.4,0.7758620689655173,0.49703440094899165,0.2822458270106221,0.0,1
0.8600237247924081,0.6855555555555556,0.7505668934240363,0.618421052631579,0.8013698630136987,0.7549132947976878,0.8084210526315789,0.9333333333333331,0.5252873563218392,0.8600237247924081,0.7283763277693478,0.4741379310344828,0
0.763938315539739,0.5,0.7392290249433107,0.6447368421052632,0.656164383561644,0.5757225433526011,0.5821052631578947,0.7,0.6356321839080461,0.7639383155397391,0.4855842185128985,0.5862068965517242,0
0.8837485172004746,0.7066666666666666,0.764172335600907,0.3157894736842105,0.8753424657534248,0.6115606936416186,0.8557894736842104,0.5833333333333333,0.47701149425287365,0.8837485172004744,0.6494688922610017,0.31896551724137934,0
0.9003558718861209,0.8277777777777777,0.6394557823129252,0.8421052631578947,0.5301369863013699,0.47630057803468207,0.6578947368421053,0.5,0.6402298850574714,0.9003558718861211,0.6433990895295905,0.9224137931034484,0
0.734282325029656,0.5222222222222221,0.7800453514739228,0.631578947368421,0.7095890410958905,0.5919075144508671,0.8442105263157895,0.5499999999999998,0.6321839080459771,0.7342823250296561,0.5098634294385433,0.6551724137931035,0
0.8362989323843417,0.78,0.6485260770975056,0.49999999999999994,0.6123287671232878,0.5722543352601156,0.5894736842105264,0.8333333333333333,0.5804597701149427,0.8362989323843417,0.6737481031866466,0.41379310344827586,0
0.42467378410438916,0.611111111111111,0.3616780045351474,0.10526315789473684,0.08630136986301368,0.5421965317919075,0.28105263157894733,0.6666666666666665,0.7310344827586208,0.42467378410438916,0.5386949924127467,0.09482758620689656,1
0.7425860023724793,0.7522222222222222,0.6848072562358277,0.43421052631578944,0.5547945205479452,0.5271676300578034,0.8757894736842105,0.6833333333333331,0.6655172413793105,0.7425860023724793,0.6251896813353568,0.3965517241379311,0
0.6773428232502966,0.7044444444444445,0.9104308390022675,0.5263157894736842,0.9164383561643836,0.5433526011560693,0.7115789473684211,0.6166666666666667,0.5908045977011495,0.6773428232502966,0.6039453717754175,0.5172413793103449,0
0.2147093712930012,0.48333333333333334,0.35487528344671204,0.14473684210526316,0.4972602739726027,0.07976878612716759,0.2115789473684211,0.016666666666666607,0.3793103448275863,0.2147093712930012,0.14871016691957512,0.3017241379310345,1
0.9881376037959668,0.6544444444444445,0.5600907029478458,0.618421052631579,0.8589041095890411,0.7664739884393063,0.7768421052631578,0.75,0.2839080459770116,0.9881376037959668,0.7162367223065254,0.5431034482758621,0
0.8268090154211152,0.7677777777777777,0.9535147392290251,0.4473684210526315,0.5136986301369864,0.7398843930635838,0.8042105263157895,0.7,0.9724137931034483,0.826809015421115,0.7754172989377848,0.4051724137931034,0
0.844602609727165,0.5444444444444444,0.6213151927437641,0.381578947368421,0.8561643835616439,0.6150289017341041,0.8136842105263158,0.33333333333333326,0.3482758620689656,0.8446026097271648,0.5402124430955995,0.5,0
0.3214709371293001,0.22888888888888892,0.4512471655328798,0.23684210526315788,0.210958904109589,0.4624277456647399,0.4168421052631579,0.1499999999999999,0.7172413793103449,0.3214709371293001,0.2245827010622155,0.3965517241379311,1
0.4673784104389087,0.4233333333333334,0.28344671201814053,0.34210526315789475,0.34657534246575333,0.2658959537572254,0.6199999999999999,0.5166666666666666,0.4333333333333334,0.4673784104389087,0.22913505311077392,0.3706896551724138,1
0.8612099644128115,0.6611111111111111,0.5113378684807256,0.4473684210526315,0.6945205479452055,0.6647398843930635,0.7221052631578946,0.7166666666666666,0.37241379310344835,0.8612099644128115,0.6525037936267073,0.4051724137931034,0
0.8647686832740213,0.6288888888888888,0.7267573696145125,0.5657894736842105,0.7,0.7132947976878613,0.5063157894736843,0.6333333333333333,0.5862068965517242,0.8647686832740213,0.6631259484066769,0.5431034482758621,0
0.4329774614472124,0.1522222222222222,0.18707482993197277,0.14473684210526316,0.36301369863013694,0.21040462427745663,0.40315789473684205,0.04999999999999993,0.3218390804597702,0.4329774614472124,0.007587253414264028,0.28448275862068967,1
0.6548042704626336,0.5133333333333333,0.5804988662131519,0.23684210526315788,0.21780821917808219,0.38381502890173413,0.05263157894736842,0.19999999999999996,0.842528735632184,0.6548042704626335,0.36722306525037945,0.3706896551724138,1
0.46381969157769876,0.4911111111111112,0.028344671201814053,0.15789473684210525,0.4095890410958904,0.47630057803468207,0.3178947368421053,0.5,0.12183908045977015,0.46381969157769876,0.4127465857359636,0.1724137931034483,1
0.7200474495848163,0.6422222222222221,0.7063492063492063,0.5263157894736842,0.5876712328767124,0.5884393063583816,0.7231578947368422,0.8833333333333333,0.6597701149425288,0.7200474495848161,0.590288315629742,0.41379310344827586,0
0.6820877817319099,0.6988888888888889,0.7800453514739228,0.618421052631579,0.49315068493150677,0.6184971098265896,0.7105263157894737,0.75,0.8137931034482759,0.6820877817319099,0.6494688922610017,0.5431034482758621,0
0.5527876631079478,0.5,0.6394557823129252,0.40789473684210525,0.6438356164383563,0.5179190751445086,0.5757894736842106,0.8499999999999999,0.5448275862068966,0.5527876631079478,0.44613050075872546,0.32758620689655177,0
0.7425860023724793,0.7188888888888889,0.7879818594104308,0.47368421052631576,0.6342465753424658,0.8705202312138728,0.7494736842105263,0.75,0.703448275862069,0.7425860023724793,0.828528072837633,0.41379310344827586,0
0.5326215895610914,0.5666666666666667,0.3945578231292517,0.3157894736842105,0.39999999999999997,0.36878612716763004,0.3010526315789474,0.016666666666666607,0.5011494252873564,0.5326215895610913,0.39453717754173007,0.6637931034482759,1
1.0,0.72,0.47845804988662133,0.5921052631578947,0.4205479452054795,0.5699421965317919,0.6768421052631579,0.6166666666666667,0.5689655172413793,1.0,0.631259484066768,0.5775862068965518,0
0.5776986951364177,0.5655555555555555,0.9058956916099774,0.618421052631579,0.5821917808219177,0.815028901734104,0.47368421052631576,0.8166666666666667,0.8666666666666667,0.5776986951364176,0.6858877086494692,0.5086206896551724,0
0.896797153024911,0.6688888888888889,0.6043083900226757,0.5394736842105262,0.595890410958904,0.5421965317919075,0.8178947368421052,0.7166666666666666,0.5494252873563219,0.896797153024911,0.5781487101669196,0.48275862068965525,0
0.564650059311981,0.7188888888888889,0.8378684807256236,0.5263157894736842,0.5999999999999999,0.730635838150289,0.8347368421052632,0.7,0.7827586206896553,0.5646500593119811,0.7359635811836118,0.48275862068965525,0
0.6725978647686833,0.37888888888888894,0.32766439909297057,0.15789473684210525,0.5205479452054795,0.14450867052023117,0.25473684210526315,0.6666666666666665,0.3321839080459771,0.6725978647686832,0.118361153262519,0.14655172413793105,1
0.8552787663107948,0.6788888888888888,0.8253968253968254,0.39473684210526316,0.8095890410958904,0.8335260115606935,0.6010526315789473,0.6166666666666667,0.5942528735632184,0.8552787663107948,0.7769347496206376,0.3879310344827587,0
0.6109134045077106,0.5311111111111111,0.6031746031746031,0.14473684210526316,0.5041095890410958,0.2601156069364161,0.45578947368421047,0.21666666666666656,0.6252873563218392,0.6109134045077106,0.2989377845220031,0.2241379310344828,1
0.269276393831554,0.4466666666666667,0.12131519274376418,0.10526315789473684,0.5205479452054795,0.4705202312138729,0.5063157894736843,0.5166666666666666,0.1229885057471265,0.269276393831554,0.3793626707132019,0.1120689655172414,1
0.7034400948991697,0.39333333333333337,0.13945578231292516,0.13157894736842105,0.3808219178082191,0.561849710982659,0.516842105263158,0.41666666666666663,0.2586206896551725,0.7034400948991697,0.4036418816388468,0.15517241379310345,1
0.48398576512455516,0.5033333333333333,0.6031746031746031,0.07894736842105263,0.27397260273972596,0.2670520231213873,0.2126315789473684,0.5666666666666667,0.8183908045977012,0.48398576512455516,0.28528072837632784,0.07758620689655173,1
0.844602609727165,0.9222222222222223,0.7664399092970522,0.5789473684210527,0.526027397260274,0.676300578034682,0.7747368421052632,0.75,0.7724137931034484,0.8446026097271648,0.8391502276176026,0.5086206896551724,0
0.3831553973902728,0.48666666666666664,0.41609977324263037,0.06578947368421052,0.0,0.5213872832369942,0.45473684210526316,0.6666666666666665,0.8586206896551725,0.3831553973902728,0.44006069802731423,0.060344827586206906,1
0.7627520759193358,0.66,0.6564625850340137,0.5921052631578947,0.7575342465753425,0.5063583815028901,0.6263157894736842,0.46666666666666656,0.4666666666666668,0.7627520759193358,0.5493171471927163,0.6724137931034484,0
0.819691577698695,0.6177777777777776,0.683673469387755,0.381578947368421,0.48904109589041095,0.5595375722543352,0.6894736842105262,0.7999999999999998,0.7195402298850575,0.819691577698695,0.5553869499241275,0.31896551724137934,0
0.6109134045077106,0.5355555555555556,0.41836734693877553,0.10526315789473684,0.5205479452054795,0.2797687861271676,0.3926315789473684,0.0,0.42413793103448283,0.6109134045077106,0.31562974203338395,0.2327586206896552,1
0.9157769869513643,0.65,0.9671201814058956,0.618421052631579,0.8767123287671232,0.7734104046242775,0.5431578947368421,0.43333333333333324,0.6816091954022989,0.9157769869513643,0.7162367223065254,0.7241379310344828,0
0.1589561091340451,0.22000000000000003,0.47505668934240364,0.13157894736842105,0.33561643835616434,0.530635838150289,0.31157894736842107,0.6666666666666665,0.6367816091954024,0.15895610913404504,0.26403641881638856,0.12068965517241381,1
0.7034400948991697,0.3022222222222223,0.2709750566893424,0.07894736842105263,0.2054794520547945,0.11329479768786124,0.25789473684210523,0.31666666666666665,0.539080459770115,0.7034400948991697,0.045523520485584223,0.10344827586206896,1
0.597864768683274,0.5233333333333333,0.2222222222222222,0.15789473684210525,0.03972602739726028,0.4057803468208092,0.35684210526315785,0.1333333333333333,0.6287356321839082,0.5978647686832741,0.38846737481031873,0.2758620689655173,1
0.7295373665480428,0.94,0.5124716553287981,0.8026315789473684,0.4356164383561643,0.6716763005780346,0.47368421052631576,0.6333333333333333,0.5908045977011495,0.7295373665480427,0.8482549317147194,0.7758620689655173,0
0.6263345195729538,0.7933333333333333,0.6111111111111112,0.618421052631579,0.6150684931506849,0.8057803468208092,0.7010526315789474,1.0,0.5402298850574714,0.6263345195729538,0.836115326251897,0.4482758620689656,0
0.7947805456702255,0.65,0.7732426303854876,0.34210526315789475,0.8602739726027397,0.798843930635838,0.6021052631578947,0.5166666666666666,0.4988505747126437,0.7947805456702254,0.7344461305007588,0.3706896551724138,0
0.9252669039145909,0.9633333333333334,0.7233560090702947,0.618421052631579,0.7068493150684931,0.8786127167630057,0.6042105263157895,1.0,0.5770114942528737,0.9252669039145909,1.0000000000000002,0.4482758620689656,0
0.7663107947805456,0.7244444444444444,0.5113378684807256,0.631578947368421,0.6301369863013699,0.6289017341040463,0.47368421052631576,0.6499999999999999,0.42643678160919546,0.7663107947805458,0.6737481031866466,0.603448275862069,0
0.9217081850533808,0.8277777777777777,0.8038548752834467,0.7894736842105263,0.4917808219178082,0.49595375722543344,0.6526315789473685,0.6833333333333331,0.839080459770115,0.9217081850533808,0.6555386949924129,0.7327586206896552,0
0.7508896797153025,0.6144444444444443,1.0,0.5789473684210527,0.8835616438356164,0.576878612716763,0.6052631578947367,0.7833333333333332,0.7091954022988507,0.7508896797153025,0.5644916540212446,0.49137931034482757,0
0.5255041518386715,0.768888888888889,0.802721088435374,0.6710526315789472,0.49315068493150677,0.7791907514450868,0.9210526315789473,0.7333333333333334,0.8367816091954023,0.5255041518386714,0.802731411229135,0.5948275862068966,0
0.641755634638197,0.6877777777777778,0.6598639455782312,0.49999999999999994,0.5342465753424657,0.669364161849711,0.6547368421052633,0.5833333333333333,0.6574712643678162,0.6417556346381968,0.6737481031866466,0.5,0
0.8884934756820877,0.8277777777777777,0.48639455782312924,0.6578947368421052,0.7205479452054795,0.699421965317919,0.7326315789473683,0.8999999999999999,0.3252873563218392,0.8884934756820879,0.78907435508346,0.5172413793103449,0
0.9774614472123369,0.731111111111111,0.6621315192743764,0.35526315789473684,0.6904109589041096,0.6658959537572253,0.7147368421052631,0.7166666666666666,0.5287356321839081,0.9774614472123369,0.7010622154779973,0.31896551724137934,0
0.9311981020166074,0.6077777777777778,0.8163265306122448,0.6578947368421052,0.6054794520547946,0.730635838150289,0.6936842105263159,0.6166666666666667,0.7563218390804598,0.9311981020166074,0.6600910470409713,0.646551724137931,0
0.6797153024911032,0.6311111111111111,0.47619047619047616,0.6710526315789472,0.7438356164383562,0.7179190751445086,0.6757894736842105,0.6333333333333333,0.2954022988505748,0.6797153024911032,0.6676783004552354,0.646551724137931,0
0.7722419928825622,0.7155555555555556,0.5215419501133787,0.39473684210526316,0.6082191780821917,0.775722543352601,0.736842105263158,0.7166666666666666,0.4551724137931035,0.7722419928825623,0.7632776934749623,0.35344827586206895,0
0.8873072360616845,0.7188888888888889,0.8344671201814059,0.6447368421052632,0.4520547945205479,0.7341040462427746,0.7442105263157894,0.9833333333333334,0.903448275862069,0.8873072360616845,0.7374810318664644,0.4741379310344828,0
0.7722419928825622,0.7655555555555557,0.49886621315192736,0.6052631578947367,0.8260273972602739,0.5179190751445086,0.6136842105263158,0.7666666666666666,0.2494252873563219,0.7722419928825623,0.6282245827010624,0.5258620689655172,0
0.7283511269276394,0.8244444444444444,0.9580498866213152,0.43421052631578944,0.773972602739726,0.6335260115606935,0.8505263157894736,0.7,0.7586206896551725,0.7283511269276394,0.7435508345978759,0.3965517241379311,0
0.7817319098457888,0.7999999999999999,0.8628117913832201,0.2763157894736842,0.5191780821917809,0.6982658959537573,0.5568421052631578,0.5833333333333333,0.8758620689655173,0.7817319098457888,0.7708649468892264,0.2758620689655173,0
0.9691577698695137,0.6122222222222221,0.6519274376417233,0.4868421052631579,0.6397260273972603,0.868208092485549,0.7926315789473684,0.5666666666666667,0.5609195402298851,0.9691577698695135,0.7526555386949925,0.5,0
1.0,0.7977777777777777,0.7664399092970522,0.5526315789473684,0.7821917808219176,0.5942196531791908,0.6694736842105262,0.9166666666666665,0.5574712643678161,1.0,0.7010622154779973,0.4224137931034483,0
0.6061684460260973,0.31222222222222223,0.3571428571428571,0.17105263157894737,0.0931506849315068,0.18034682080924855,0.25894736842105265,0.6666666666666665,0.7206896551724139,0.6061684460260973,0.09711684370257972,0.16379310344827588,1
0.4128113879003559,0.35777777777777786,0.6031746031746031,0.0,0.34657534246575333,0.2971098265895954,0.37684210526315787,0.2666666666666666,0.7574712643678161,0.4128113879003559,0.20485584218512903,0.0,1
0.807829181494662,0.7022222222222222,0.7675736961451247,0.5789473684210527,0.6493150684931508,0.6786127167630058,0.6957894736842105,1.0,0.6701149425287357,0.8078291814946619,0.6904400606980274,0.4224137931034483,0
0.7330960854092528,0.8622222222222221,0.7755102040816326,0.618421052631579,0.6273972602739726,0.7109826589595376,0.6000000000000001,0.6499999999999999,0.6965517241379311,0.7330960854092528,0.8209408194233689,0.5862068965517242,0
0.896797153024911,0.7111111111111111,0.6031746031746031,0.2631578947368421,0.38356164383561636,0.7468208092485549,0.9515789473684211,0.75,0.7264367816091954,0.896797153024911,0.7405159332321702,0.2327586206896552,0
0.730723606168446,0.7511111111111111,0.4331065759637188,0.3157894736842105,0.6109589041095889,0.7121387283236993,0.5778947368421052,0.7999999999999998,0.3632183908045977,0.7307236061684461,0.7465857359635815,0.26724137931034486,0
0.8125741399762753,0.8222222222222222,0.6349206349206349,0.6052631578947367,0.5767123287671232,0.4601156069364162,0.9926315789473685,0.6666666666666665,0.5965517241379311,0.8125741399762751,0.6282245827010624,0.5689655172413793,0
0.538552787663108,0.43777777777777777,0.23922902494331066,0.013157894736842105,0.29178082191780813,0.48208092485549137,0.5273684210526315,0.6666666666666665,0.43448275862068975,0.538552787663108,0.3808801213960547,0.008620689655172415,1
0.575326215895611,0.32666666666666666,0.373015873015873,0.039473684210526314,0.5150684931506848,0.5953757225433526,0.3463157894736842,0.44999999999999996,0.38275862068965527,0.575326215895611,0.3793626707132019,0.04310344827586207,1
0.7651245551601424,0.7333333333333333,0.7755102040816326,0.513157894736842,0.7383561643835617,0.784971098265896,0.8263157894736841,0.7999999999999998,0.6034482758620691,0.7651245551601424,0.781487101669196,0.4310344827586207,0
0.4412811387900356,0.42444444444444446,0.5997732426303856,0.02631578947368421,0.5150684931506848,0.2867052023121387,0.43052631578947365,0.43333333333333324,0.6126436781609196,0.4412811387900356,0.24279210925644928,0.03448275862068966,1
0.6678529062870701,0.8055555555555556,0.7970521541950113,0.4868421052631579,0.6917808219178083,0.4219653179190751,0.5810526315789475,0.8666666666666665,0.664367816091954,0.66785290628707,0.5918057663125951,0.3879310344827587,0
1.0,0.7755555555555556,0.7018140589569162,0.47368421052631576,0.4315068493150685,0.8601156069364163,0.47368421052631576,1.0,0.7862068965517242,1.0,0.8588770864946891,0.3448275862068966,0
0.1530249110320285,0.35888888888888887,0.5612244897959183,0.2894736842105263,0.11095890410958903,0.5433526011560693,0.4231578947368421,0.6666666666666665,0.9126436781609196,0.15302491103202845,0.36722306525037945,0.26724137931034486,1
0.6607354685646502,0.8477777777777777,0.5691609977324263,0.75,0.6876712328767123,0.7514450867052023,0.8642105263157893,0.6499999999999999,0.4367816091954024,0.66073546856465,0.8376327769347498,0.7155172413793104,0
0.4270462633451958,0.35777777777777786,0.1768707482993197,0.39473684210526316,0.3712328767123288,0.5317919075144508,0.41894736842105257,0.2333333333333334,0.30459770114942536,0.4270462633451958,0.3581183611532625,0.5862068965517242,1
0.8232502965599051,0.8744444444444445,0.6825396825396826,0.7368421052631579,0.8123287671232877,0.576878612716763,0.9789473684210526,0.7166666666666666,0.44712643678160924,0.8232502965599051,0.7405159332321702,0.6637931034482759,0
0.6120996441281139,0.611111111111111,0.24489795918367346,0.15789473684210525,0.510958904109589,0.5953757225433526,0.428421052631579,0.4,0.25632183908045986,0.6120996441281139,0.5735963581183612,0.18965517241379312,1
0.604982206405694,0.8222222222222222,0.5136054421768708,0.3289473684210526,0.5808219178082192,0.5364161849710982,0.5421052631578946,0.7999999999999998,0.4701149425287357,0.604982206405694,0.6798179059180578,0.2758620689655173,0
0.8090154211150653,0.8277777777777777,0.6303854875283448,0.631578947368421,0.7082191780821918,0.6913294797687861,0.9642105263157894,0.75,0.4816091954022989,0.8090154211150652,0.7845220030349016,0.5517241379310346,0
0.5255041518386715,0.6344444444444444,0.7619047619047619,0.3684210526315789,0.38356164383561636,0.48439306358381495,0.888421052631579,0.7166666666666666,0.8873563218390805,0.5255041518386714,0.5159332321699546,0.32758620689655177,0
0.638196915776987,0.611111111111111,0.35941043083900226,0.21052631578947367,0.3767123287671233,0.2624277456647399,0.5852631578947369,0.19999999999999996,0.4850574712643679,0.6381969157769869,0.355083459787557,0.32758620689655177,1
0.8742586002372481,0.7211111111111111,0.6190476190476191,0.5394736842105262,0.7,0.8878612716763005,0.76,0.6166666666666667,0.47701149425287365,0.8742586002372479,0.8406676783004554,0.5258620689655172,0
0.8469750889679715,0.5766666666666667,0.7766439909297052,0.4473684210526315,0.689041095890411,0.7063583815028901,0.8042105263157895,0.6833333333333331,0.6459770114942529,0.8469750889679715,0.6221547799696512,0.41379310344827586,0
0.34519572953736655,0.2788888888888889,0.36621315192743764,0.2763157894736842,0.18219178082191773,0.4208092485549133,0.631578947368421,0.5,0.6551724137931035,0.34519572953736655,0.23216995447647953,0.3017241379310345,1
0.8801897983392646,0.6811111111111111,0.6337868480725624,0.5921052631578947,0.5561643835616437,0.4589595375722544,0.7684210526315789,0.7999999999999998,0.6126436781609196,0.8801897983392646,0.5311077389984826,0.5,0
0.9359430604982206,0.6922222222222222,0.48299319727891155,0.6578947368421052,0.6684931506849314,0.7213872832369943,0.7421052631578948,0.7,0.3655172413793104,0.9359430604982206,0.7116843702579667,0.5948275862068966,0
0.984578884934757,0.7355555555555555,0.6519274376417233,0.75,0.6397260273972603,0.7641618497109826,0.811578947368421,0.75,0.5609195402298851,0.9845788849347568,0.7693474962063735,0.6551724137931035,0
0.1257413997627521,0.3088888888888889,0.4285714285714286,0.30263157894736836,0.4082191780821917,0.4531791907514451,0.09368421052631579,0.5333333333333332,0.5287356321839081,0.1257413997627521,0.2731411229135054,0.31896551724137934,1
0.7829181494661922,0.5377777777777777,0.46485260770975056,0.5789473684210527,0.6849315068493151,0.47398843930635837,0.6642105263157894,0.3666666666666667,0.3333333333333334,0.7829181494661921,0.44309559939301973,0.7327586206896552,0
0.37247924080664296,0.2855555555555556,0.09523809523809523,0.07894736842105263,0.3315068493150685,0.4705202312138729,0.46315789473684205,0.5333333333333332,0.2551724137931035,0.37247924080664296,0.2701062215477998,0.08620689655172414,1
0.8908659549228943,0.7744444444444445,0.8503401360544217,0.49999999999999994,0.5438356164383562,0.5317919075144508,0.47368421052631576,0.6333333333333333,0.842528735632184,0.8908659549228946,0.6433990895295905,0.48275862068965525,0
0.907473309608541,0.65,0.6689342403628118,0.30263157894736836,0.5945205479452056,0.6346820809248556,0.6557894736842105,0.5333333333333332,0.6160919540229886,0.907473309608541,0.6251896813353568,0.31896551724137934,0
0.6120996441281139,0.4544444444444445,0.4444444444444444,0.3157894736842105,0.38904109589041097,0.2947976878612717,0.26210526315789473,0.2833333333333333,0.5609195402298851,0.6120996441281139,0.2701062215477998,0.43965517241379315,1
0.6880189798339266,0.5355555555555556,0.5068027210884354,0.8552631578947368,0.6739726027397261,0.7895953757225433,0.7115789473684211,0.8666666666666665,0.3850574712643679,0.6880189798339265,0.6494688922610017,0.6810344827586208,0
0.8090154211150653,0.6644444444444444,0.4501133786848073,0.5263157894736842,0.38356164383561636,0.5572254335260116,0.78,0.33333333333333326,0.571264367816092,0.8090154211150652,0.5857359635811836,0.6896551724137931,0
0.302491103202847,0.3955555555555556,0.24489795918367346,0.18421052631578946,0.336986301369863,0.2832369942196532,0.2126315789473684,0.44999999999999996,0.4022988505747127,0.302491103202847,0.2215477996965099,0.21551724137931036,1
0.5765124555160143,0.8766666666666667,0.6337868480725624,0.9868421052631579,0.5178082191780822,0.5329479768786127,0.47368421052631576,0.6666666666666665,0.6448275862068966,0.5765124555160143,0.7132018209408197,0.9224137931034484,0
0.7580071174377224,0.8122222222222222,0.7176870748299319,0.631578947368421,0.46027397260273967,0.7815028901734103,0.7515789473684211,0.8999999999999999,0.7781609195402299,0.7580071174377225,0.8330804248861914,0.49137931034482757,0
0.7153024911032029,0.6766666666666667,0.7086167800453514,0.39473684210526316,0.6739726027397261,0.6277456647398844,0.7694736842105263,0.46666666666666656,0.5896551724137932,0.7153024911032029,0.6403641881638849,0.4482758620689656,0
0.6441281138790036,0.7966666666666666,0.4331065759637188,0.631578947368421,0.5726027397260274,0.7248554913294798,0.5421052631578946,0.7,0.39540229885057476,0.6441281138790035,0.7860394537177544,0.5775862068965518,0
0.6500593119810202,0.5133333333333333,0.29365079365079366,0.3157894736842105,0.18630136986301365,0.35375722543352606,0.5431578947368421,0.34999999999999987,0.57816091954023,0.6500593119810202,0.3490136570561458,0.4051724137931034,1
0.6880189798339266,0.7777777777777778,0.6269841269841269,0.5657894736842105,0.5904109589041096,0.8520231213872832,0.6989473684210528,0.6333333333333333,0.5770114942528737,0.6880189798339265,0.8558421851289835,0.5431034482758621,0
0.5243179122182681,0.5677777777777778,0.11224489795918366,0.0,0.19041095890410958,0.13526011560693638,0.5263157894736843,0.44999999999999996,0.3908045977011495,0.5243179122182681,0.24279210925644928,0.0,1
0.7841043890865955,0.7222222222222222,0.6723356009070294,0.35526315789473684,0.8178082191780822,0.7375722543352601,0.625263157894737,0.6499999999999999,0.43218390804597706,0.7841043890865954,0.7435508345978759,0.3362068965517242,0
0.516014234875445,0.39333333333333337,0.24376417233560088,0.18421052631578946,0.336986301369863,0.5710982658959537,0.33894736842105266,0.2833333333333333,0.4011494252873564,0.5160142348754448,0.4097116843702581,0.25862068965517243,1
0.7580071174377224,0.8411111111111111,0.7426303854875284,0.40789473684210525,0.38356164383561636,0.5514450867052023,0.5315789473684212,0.8166666666666667,0.8678160919540231,0.7580071174377225,0.7010622154779973,0.3362068965517242,0
0.7105575326215895,0.912222222222222,0.7188208616780045,0.6842105263157895,0.6945205479452055,0.6520231213872832,0.6157894736842104,0.6333333333333333,0.5827586206896552,0.7105575326215896,0.8163884673748105,0.6551724137931035,0
0.7556346381969159,0.7222222222222222,0.6077097505668935,0.6973684210526315,0.5808219178082192,0.6439306358381504,0.8157894736842106,0.33333333333333326,0.5655172413793104,0.7556346381969158,0.6813353566009106,0.913793103448276,0
0.841043890865955,0.6033333333333333,0.735827664399093,0.381578947368421,0.7123287671232876,0.6959537572254335,0.4789473684210526,0.7166666666666666,0.5850574712643679,0.841043890865955,0.6342943854324736,0.3448275862068966,0
0.33214709371293005,0.35888888888888887,0.4841269841269841,0.2631578947368421,0.5205479452054795,0.33872832369942185,0.631578947368421,0.34999999999999987,0.4908045977011495,0.33214709371293005,0.23368740515933245,0.3362068965517242,1
0.5255041518386715,0.3355555555555556,0.3843537414965986,0.43421052631578944,0.2013698630136987,0.0335260115606936,0.2694736842105263,0.5999999999999999,0.6574712643678162,0.5255041518386714,0.016691957511380917,0.4310344827586207,1
0.5278766310794781,0.20666666666666672,0.3469387755102041,0.17105263157894737,0.24246575342465754,0.2589595375722543,0.5126315789473685,0.34999999999999987,0.5850574712643679,0.527876631079478,0.07587253414264045,0.21551724137931036,1
0.7236061684460262,0.7122222222222221,0.6485260770975056,0.9078947368421053,0.8123287671232877,0.49826589595375725,0.47368421052631576,0.9333333333333331,0.4126436781609196,0.7236061684460261,0.5796661608497726,0.6896551724137931,0
0.7698695136417556,0.5599999999999999,0.608843537414966,0.47368421052631576,0.7301369863013698,0.7121387283236993,0.6199999999999999,0.6499999999999999,0.4413793103448277,0.7698695136417557,0.61608497723824,0.4482758620689656,0
0.8362989323843417,0.6433333333333334,0.8344671201814059,0.513157894736842,0.6109589041095889,0.8670520231213873,0.8799999999999999,0.8833333333333333,0.7701149425287357,0.8362989323843417,0.773899848254932,0.4051724137931034,0
0.4258600237247925,0.30444444444444446,0.4444444444444444,0.2631578947368421,0.061643835616438325,0.33872832369942185,0.4442105263157895,0.41666666666666663,0.8356321839080461,0.4258600237247925,0.1957511380880122,0.3103448275862069,1
0.6476868327402135,0.5277777777777778,0.6235827664399093,0.4868421052631579,0.9479452054794522,0.5965317919075144,0.588421052631579,0.6833333333333331,0.2735632183908047,0.6476868327402134,0.5174506828528074,0.4482758620689656,0
0.6465005931198102,0.8266666666666668,0.8038548752834467,0.618421052631579,0.41780821917808214,0.676300578034682,0.7589473684210526,0.7,0.9011494252873564,0.6465005931198101,0.773899848254932,0.560344827586207,0
0.29300118623962035,0.4022222222222223,0.40816326530612246,0.2763157894736842,0.3753424657534246,0.5953757225433526,0.17157894736842105,0.4833333333333334,0.535632183908046,0.29300118623962046,0.4309559939301974,0.3103448275862069,1
0.7212336892052195,0.601111111111111,0.9081632653061225,0.4868421052631579,1.0,0.4554913294797688,0.5463157894736841,0.3666666666666667,0.5183908045977013,0.7212336892052195,0.47496206373292876,0.6120689655172414,0
0.8861209964412813,0.801111111111111,0.6065759637188208,0.42105263157894735,0.39452054794520547,0.715606936416185,0.8557894736842104,0.33333333333333326,0.7206896551724139,0.8861209964412813,0.7830045523520488,0.5517241379310346,0
0.7935943060498221,0.7033333333333333,0.4331065759637188,0.381578947368421,0.7301369863013698,0.6947976878612716,0.6389473684210527,0.7999999999999998,0.26321839080459775,0.7935943060498221,0.7010622154779973,0.31896551724137934,0
0.7520759193357058,0.5555555555555556,0.7414965986394558,0.42105263157894735,0.56986301369863,0.6982658959537573,0.7347368421052631,0.75,0.710344827586207,0.7520759193357058,0.6039453717754175,0.3706896551724138,0
0.6654804270462633,0.7322222222222222,0.6507936507936508,0.75,0.6972602739726028,0.6069364161849711,0.6473684210526316,0.6333333333333333,0.5114942528735633,0.6654804270462633,0.6646433990895297,0.7241379310344828,0
1.0,0.7944444444444444,0.600907029478458,0.5263157894736842,0.4191780821917808,0.8115606936416185,0.8621052631578947,0.5333333333333332,0.6942528735632185,1.0,0.8406676783004554,0.560344827586207,0
0.601423487544484,0.7100000000000001,0.9682539682539684,0.47368421052631576,0.7164383561643834,0.6046242774566474,0.8673684210526316,0.43333333333333324,0.8172413793103449,0.601423487544484,0.6464339908952961,0.5517241379310346,0
0.9916963226571767,0.7788888888888889,0.77437641723356,0.5657894736842105,0.4794520547945205,0.7421965317919075,0.7715789473684209,1.0,0.8195402298850576,0.9916963226571767,0.7845220030349016,0.41379310344827586,0
0.7686832740213524,0.7544444444444445,0.8696145124716552,0.3157894736842105,0.606849315068493,0.830057803468208,0.6968421052631579,0.7833333333333332,0.8091954022988507,0.7686832740213524,0.8254931714719274,0.26724137931034486,0
0.5195729537366548,0.2877777777777778,0.145124716553288,0.05263157894736842,0.2547945205479452,0.5953757225433526,0.5842105263157895,0.6666666666666665,0.3701149425287357,0.5195729537366548,0.3520485584218513,0.05172413793103448,1
0.18979833926453146,0.43777777777777777,0.34467120181405897,0.19736842105263158,0.12191780821917808,0.423121387283237,0.39684210526315794,0.0,0.6839080459770116,0.18979833926453146,0.34294385432473445,0.4310344827586207,1
0.5278766310794781,0.5766666666666667,0.6031746031746031,0.07894736842105263,0.2506849315068493,0.36994219653179194,0.3010526315789474,0.2833333333333333,0.8379310344827586,0.527876631079478,0.4021244309559941,0.1120689655172414,1
0.8374851720047449,0.7377777777777779,0.518140589569161,0.6710526315789472,0.38356164383561636,0.7283236994219653,0.9705263157894737,0.6333333333333333,0.6402298850574714,0.8374851720047449,0.7465857359635815,0.646551724137931,0
0.42467378410438916,0.29111111111111115,0.19727891156462585,0.3684210526315789,0.347945205479452,0.2971098265895954,0.2347368421052632,0.43333333333333324,0.34482758620689663,0.42467378410438916,0.15933232169954487,0.4310344827586207,1
1.0,0.6033333333333333,0.5011337868480725,0.47368421052631576,0.8794520547945206,0.8346820809248555,0.8905263157894736,0.4833333333333334,0.20689655172413796,1.0,0.725341426403642,0.5258620689655172,0
0.5243179122182681,0.0,0.14625850340136054,0.22368421052631576,0.41780821917808214,0.3942196531791907,0.17473684210526316,0.6666666666666665,0.2344827586206898,0.5243179122182681,0.024279210925644945,0.20689655172413793,1
0.8244365361803085,0.7955555555555555,0.6337868480725624,0.5526315789473684,0.6835616438356165,0.8797687861271676,0.7989473684210526,0.8499999999999999,0.5057471264367817,0.8244365361803083,0.8861911987860396,0.4482758620689656,0
0.830367734282325,0.8288888888888888,0.7471655328798186,0.6052631578947367,0.5739726027397261,0.7895953757225433,0.5315789473684212,0.6333333333333333,0.7126436781609197,0.830367734282325,0.8497723823975722,0.5862068965517242,0
0.8730723606168447,0.6944444444444444,0.8798185941043084,0.6842105263157895,0.7602739726027397,0.5017341040462427,0.7231578947368422,0.8333333333333333,0.6908045977011495,0.8730723606168447,0.569044006069803,0.560344827586207,0
0.730723606168446,0.6933333333333334,0.7403628117913832,0.6578947368421052,0.726027397260274,0.6705202312138728,0.6821052631578948,0.7166666666666666,0.57816091954023,0.7307236061684461,0.6798179059180578,0.5862068965517242,0
0.30486358244365364,0.5422222222222222,0.0,0.0,0.5205479452054795,0.5953757225433526,0.41263157894736846,0.0,0.0,0.30486358244365364,0.5265553869499242,0.0,1
0.6749703440094899,0.7399999999999999,0.8344671201814059,0.7368421052631579,0.3876712328767123,0.6601156069364161,0.6968421052631579,0.7333333333333334,0.9574712643678162,0.6749703440094899,0.7040971168437027,0.6551724137931035,0
0.7034400948991697,0.47333333333333333,0.3684807256235827,0.11842105263157894,0.3931506849315069,0.46127167630057797,0.36105263157894735,0.16666666666666663,0.48045977011494256,0.7034400948991697,0.39150227617602434,0.18965517241379312,1
1.0,0.8277777777777777,0.6689342403628118,0.6710526315789472,0.4520547945205479,0.5653179190751445,0.5336842105263158,0.8833333333333333,0.7356321839080461,1.0,0.7010622154779973,0.5258620689655172,0
0.7034400948991697,0.35888888888888887,0.6031746031746031,0.17105263157894737,0.2506849315068493,0.13526011560693638,0.5557894736842104,0.5999999999999999,0.8379310344827586,0.7034400948991697,0.10015174506828523,0.1724137931034483,1
0.7034400948991697,0.51,0.34807256235827666,0.35526315789473684,0.37945205479452054,0.4277456647398844,0.26,0.6666666666666665,0.47126436781609204,0.7034400948991697,0.39453717754173007,0.3362068965517242,1
1.0,0.7077777777777778,0.8854875283446713,0.6973684210526315,0.5273972602739725,0.6208092485549133,0.5610526315789472,0.8333333333333333,0.8919540229885058,1.0,0.6555386949924129,0.5689655172413793,0
0.6251482799525505,0.7844444444444444,0.6575963718820861,0.6842105263157895,0.5643835616438355,0.6335260115606935,0.9105263157894736,0.6499999999999999,0.6298850574712644,0.6251482799525505,0.7162367223065254,0.646551724137931,0
0.9430604982206408,0.7788888888888889,0.6394557823129252,0.6973684210526315,0.5315068493150685,0.8497109826589596,0.7094736842105263,0.7333333333333334,0.639080459770115,0.9430604982206405,0.8558421851289835,0.6206896551724138,0
0.40569395017793597,0.3422222222222222,0.20861678004535145,0.18421052631578946,0.3589041095890411,0.0,0.26736842105263153,0.3833333333333333,0.34712643678160926,0.40569395017793597,0.0,0.2241379310344828,1
